case_id,reynolds,aoa,g1,g2,eval_point_in_envelope,w_surr_03_fired,pred_cl,pred_cd,ref_cl,ref_cd,err_cl,err_cd
airFoil2D_SST_56.452_0.864_3.8_7.348_0.0_19.123,3642499.6676038685,0.864,3.8,19.123,True,False,0.3532862027807523,0.0205857382379199,0.4590743086346173,0.011309909388790878,0.105788105853865,0.00927582884912902
airFoil2D_SST_92.722_-0.765_4.96_2.747_19.409,5982779.249266029,-0.765,4.96,19.409,True,False,0.3277803576105577,0.028035631518336435,0.37360143757550257,0.010189203771451275,0.04582107996494489,0.01784642774688516
airFoil2D_SST_83.053_10.95_1.506_3.323_9.429,5358898.265668251,10.949999999999998,1.506,9.429,True,False,1.3136397417806212,0.013310413195803172,1.3114545658016583,0.014332553190599322,0.002185175978962839,0.00102213999479615
airFoil2D_SST_74.044_-0.131_0.701_3.971_0.0_15.683,4777603.014739262,-0.131,0.701,15.683,True,False,0.07063982378294231,-0.0018921010271714667,0.03713565550987407,0.009031193446015627,0.03350416827306824,0.010923294473187094
airFoil2D_SST_66.817_3.963_6.749_0.0_5.301,4311289.242016007,3.9630000000000005,6.749,5.301,True,False,1.0412731105845776,0.02938126526158022,0.4363902436350689,0.007990139018596912,0.6048828669495088,0.021391126242983307
airFoil2D_SST_89.829_-0.442_0.995_5.61_15.75,5796111.787734498,-0.442,0.995,15.75,True,False,0.014737958903541126,0.007486171705583355,0.06655373919679348,0.00877900201372202,0.05181578029325236,0.001292830308138664
airFoil2D_SST_59.789_11.839_4.032_0.0_6.722,3857815.712930768,11.839,4.032,6.722,True,False,1.5562676173423375,0.0710975583987803,1.220717923896614,0.020152978613675265,0.3355496934457236,0.05094457978510504
airFoil2D_SST_59.54_7.06_1.755_5.581_0.0_16.764,3841749.2774239057,7.06,1.755,16.764,True,False,0.8209160279718128,-0.006455692278092645,0.8787247518250005,0.012491545520438272,0.05780872385318769,0.018947237798530917
airFoil2D_SST_41.134_8.609_3.265_7.661_0.0_18.89,2654123.526663671,8.609,3.265,18.89,True,False,1.027308920034776,0.0025518060444403856,1.1271144737209546,0.018572989488932892,0.0998055536861786,0.016021183444492507
airFoil2D_SST_37.251_6.299_1.193_5.155_17.506,2403577.4661289537,6.299,1.193,17.506,True,False,0.7806134632230859,-0.012583229015877356,0.7558131633021261,0.012954485086559778,0.02480029992095978,0.025537714102437135
airFoil2D_SST_66.662_11.605_0.01_0.0_7.326,4301288.047222581,11.605,0.01,7.326,True,False,1.2555666533875238,0.0338798108335866,1.211444175401672,0.017489569380018468,0.04412247798585178,0.01639024145356813
airFoil2D_SST_52.526_2.212_4.618_3.827_10.191,3389179.082061943,2.212,4.618,10.191,True,False,0.6898832866906195,-0.006721240104587217,0.7352646353230973,0.009821590521919613,0.04538134863247778,0.01654283062650683
airFoil2D_SST_31.68_0.424_0.273_4.301_1.0_11.616,2044115.168101937,0.424,0.273,11.616,True,False,0.13211277180330155,0.004329675016798512,0.06675511582274275,0.00945165224295701,0.0653576559805588,0.005121977226158498
airFoil2D_SST_78.374_-1.964_3.817_6.838_11.44,5056991.230581477,-1.964,3.817,11.44,True,False,0.13109819439912357,-0.008710534723277652,0.3247288095190204,0.008687679580951261,0.19363061511989682,0.017398214304228915
airFoil2D_SST_64.171_10.66_1.42_3.551_11.686,4140559.1683165855,10.66,1.42,11.686,True,False,1.2018641350151078,-0.002705518891211872,1.261736743614591,0.014595173402643947,0.05987260859948318,0.01730069229385582
airFoil2D_SST_68.256_7.603_0.268_7.095_0.0_11.801,4404139.044001446,7.603,0.268,11.801,True,False,0.8581011263701079,0.0009022440271414245,0.8468399182972531,0.010833920777460804,0.0112612080728548,0.00993167675031938
airFoil2D_SST_77.67_2.842_3.701_3.081_5.108,5011566.449068102,2.842,3.701,5.108,True,False,0.607072711195972,0.032276234070976434,0.6963964686756539,0.008085686339172228,0.08932375747968191,0.024190547731804207
airFoil2D_SST_86.745_2.442_0.921_0.0_6.854,5597120.273263969,2.442,0.921,6.854,True,False,0.3119442471835264,0.006969801662066649,0.27050606655311954,0.007395055608859028,0.041438180630406884,0.00042525394679237844
airFoil2D_SST_71.675_1.743_0.955_4.968_15.595,4624746.043993256,1.7430000000000003,0.955,15.595,True,False,0.2773042896331656,-0.019605677297997587,0.2888338088516893,0.009293440565937465,0.011529519218523687,0.02889911786393505
airFoil2D_SST_43.495_3.595_0.258_3.232_1.0_14.144,2806464.3067106614,3.5950000000000006,0.258,14.144,True,False,0.40155991933035506,0.03553978473329748,0.3987966853824348,0.01007090066277743,0.002763233947920274,0.025468884070520052
airFoil2D_SST_57.759_-0.542_1.264_2.0_10.633,3726832.323055549,-0.5419999999999999,1.264,10.633,True,False,0.02281972748479255,0.0194774454733129,0.06437269901837804,0.008387077445339406,0.04155297153358549,0.011090368027973493
airFoil2D_SST_63.952_9.03_0.666_3.739_0.0_15.525,4126428.4479310317,9.03,0.666,15.525,True,False,0.9528104240098221,-0.010400012432980277,0.982912766395716,0.012991271365956836,0.030102342385893932,0.023391283798937113
airFoil2D_SST_88.706_-0.311_0.57_4.716_19.84,5723651.518360178,-0.311,0.57,19.84,True,False,0.07302840215172324,0.008709565692090221,0.02080945378045301,0.00971088888225087,0.052218948371270224,0.0010013231901606495
airFoil2D_SST_60.333_1.218_3.932_7.599_1.0_9.745,3892916.6804638314,1.2180000000000002,3.932,9.745,True,False,0.547140397898157,0.0071840984696181776,0.5736104877524708,0.009050309632190747,0.02647008985431376,0.0018662111625725696
airFoil2D_SST_42.265_11.823_1.421_3.474_1.0_19.075,2727099.986737007,11.823,1.421,19.075,True,False,1.2592091330547355,0.05611230274299375,1.1922759870429387,0.02023457290254732,0.06693314601179678,0.03587772984044643
airFoil2D_SST_43.561_0.582_1.359_2.351_5.423,2810722.8799775406,0.582,1.359,5.423,True,False,0.15356993811751812,0.02948877045112805,0.19956169901614523,0.007910930804257723,0.04599176089862711,0.021577839646870326
airFoil2D_SST_61.863_-0.567_0.289_7.872_0.0_6.693,3991638.1516505727,-0.567,0.289,6.693,True,False,-0.07057821089757074,-0.011701569123645505,-0.029082112675703962,0.007580043049809993,0.041496098221866784,0.019281612173455497
airFoil2D_SST_31.812_1.334_0.371_3.287_0.0_19.548,2052632.3146356954,1.334,0.371,19.548,True,False,0.29756845845760127,-0.007951456126681716,0.1494156787984069,0.011564133355940446,0.14815277965919438,0.019515589482622164
airFoil2D_SST_76.343_0.584_1.898_5.246_0.0_18.069,4925943.316868883,0.584,1.898,18.069,True,False,0.21420020399744794,0.0019316386173556521,0.217116023879486,0.00969925183081622,0.0029158198820380676,0.007767613213460568
airFoil2D_SST_35.839_-2.434_2.439_5.397_1.0_6.142,2312469.807752693,-2.434,2.439,6.142,True,False,-0.03237013282985465,-0.02424415199911864,-0.05456737312803074,0.008642389386077932,0.022197240298176088,0.032886541385196574
airFoil2D_SST_61.838_-0.434_5.558_2.045_17.601,3990025.0557161486,-0.434,5.558,17.601,True,False,0.3238539487620943,-0.03141397988227662,0.4593966884886787,0.010694851072128406,0.13554273972658443,0.04210883095440503
airFoil2D_SST_65.002_11.743_1.823_7.599_1.0_15.595,4194178.4771768344,11.743,1.823,15.595,True,False,1.2724584232723846,0.01858801602389243,1.3545168096014577,0.017832176843868803,0.08205838632907314,0.0007558391800236257
airFoil2D_SST_55.96_6.668_1.555_6.733_0.0_15.452,3610753.939614407,6.668000000000001,1.555,15.452,True,False,0.7656133804003392,-0.03685007454370748,0.8494980816311721,0.011931003440640771,0.08388470123083291,0.04878107798434825
airFoil2D_SST_76.649_-1.002_0.565_6.903_0.0_17.102,4945687.611106231,-1.002,0.565,17.102,True,False,-0.007702512195308986,-0.003233073681160825,-0.04831100253478302,0.009309285684163752,0.040608490339474036,0.012542359365324577
airFoil2D_SST_80.985_6.877_2.735_4.998_9.345,5225462.969972707,6.877000000000001,2.735,9.345,True,False,0.9585963664797108,-0.0027656969320737634,1.0658240328617523,0.010748015620519684,0.10722766638204151,0.013513712552593447
airFoil2D_SST_82.537_6.598_2.148_5.703_1.0_12.892,5325603.965581742,6.598,2.148,12.892,True,False,0.8883963542388813,0.019136454738754347,0.9060407768271816,0.010699975023481186,0.017644422588300346,0.00843647971527316
airFoil2D_SST_64.173_1.751_1.546_7.336_1.0_18.982,4140688.215991339,1.751,1.546,18.982,True,False,0.3093013234660529,-0.01794122817855151,0.3279300839767305,0.010445759811581665,0.018628760510677633,0.028386987990133176
airFoil2D_SST_87.437_11.028_1.7_7.91_0.0_12.584,5641770.768728822,11.028,1.7,12.584,True,False,1.2956901579194087,0.011243920221639989,1.3394873834253322,0.014717822251925975,0.043797225505923576,0.0034739020302859865
airFoil2D_SST_90.417_11.946_0.395_4.203_0.0_8.257,5834051.8041121485,11.946,0.395,8.257,True,False,1.3907754582503902,0.027379747382763872,1.2851965485193027,0.015944326417406788,0.10557890973108752,0.011435420965357084
airFoil2D_SST_68.694_0.249_1.032_7.908_1.0_16.486,4432400.484772553,0.24899999999999997,1.032,16.486,True,False,0.14265711176275991,-0.006420969856168163,0.13807918489780233,0.00939549576863271,0.004577926864957588,0.015816465624800873
airFoil2D_SST_74.035_7.245_0.344_6.241_1.0_17.792,4777022.30020287,7.244999999999999,0.344,17.792,True,False,0.7131830729118966,0.022114184771806475,0.7734522245423414,0.011734637305498005,0.06026915163044477,0.01037954746630847
airFoil2D_SST_89.485_5.95_1.332_4.634_1.0_18.665,5773915.587676826,5.949999999999999,1.332,18.665,True,False,0.7083263049323962,0.03257147396014397,0.7113724748801769,0.011174509491357065,0.0030461699477806192,0.021396964468786903
airFoil2D_SST_37.982_4.133_3.526_2.879_14.582,2450744.391251508,4.133,3.526,14.582,True,False,0.6643918633596912,0.011697502709094865,0.7736813776957483,0.01184655315836116,0.10928951433605705,0.00014905044926629557
airFoil2D_SST_58.037_5.758_3.217_4.484_1.0_14.116,3744769.949846342,5.758,3.217,14.116,True,False,0.8995475174349861,0.022528179877728857,0.8625872879340545,0.011527355347096375,0.036960229500931585,0.011000824530632482
airFoil2D_SST_90.707_2.809_6.433_1.535_12.588,5852763.716951464,2.809,6.433,12.588,True,False,0.803240548562351,-0.002993612950676683,0.9186613083771396,0.01050346196714078,0.1154207598147885,0.013497074917817462
airFoil2D_SST_32.902_8.203_2.59_6.258_1.0_14.519,2122963.2973765763,8.203,2.59,14.519,True,False,1.013049217429015,0.010499360832908367,1.0792860057233373,0.014915415006995567,0.06623678829432222,0.0044160541740872
airFoil2D_SST_47.299_-2.087_3.67_2.671_15.887,3051912.984092599,-2.087,3.67,15.887,True,False,0.07915058375121053,0.020558028626762495,0.12475663751848376,0.01003788468038846,0.045606053767273225,0.010520143946374036
airFoil2D_SST_91.762_5.449_2.35_3.632_1.0_13.283,5920836.365384153,5.449,2.35,13.283,True,False,0.8056951102881671,0.009950850364234265,0.7549505101806525,0.00987022946493281,0.05074460010751458,8.062089930145448e-05
airFoil2D_SST_86.777_8.541_0.272_7.23_1.0_11.102,5599185.0360600315,8.541,0.272,11.102,True,False,1.0060853759164896,0.04117908490006124,0.9506379904509044,0.011033217103781957,0.05544738546558525,0.030145867796279282
airFoil2D_SST_53.943_5.835_1.916_4.258_1.0_17.602,3480609.359625088,5.835,1.916,17.602,True,False,0.7161780628860626,0.0025824991074911985,0.7364593847094187,0.012086592813395237,0.02028132182335618,0.009504093705904038
airFoil2D_SST_47.789_3.639_3.974_7.872_1.0_16.005,3083529.664407307,3.639,3.974,16.005,True,False,0.6905821622231035,0.0032180035374752003,0.8049531757741694,0.012203044837921485,0.11437101355106583,0.008985041300446285
airFoil2D_SST_43.97_10.071_0.307_0.0_17.818,2837113.1294647153,10.071,0.307,17.818,True,False,1.0995051955809247,0.011519898256503056,0.9945948433504533,0.015340069235099672,0.1049103522304714,0.0038201709785966164
airFoil2D_SST_46.407_7.986_2.488_3.249_1.0_7.516,2994357.7211523545,7.986,2.488,7.516,True,False,1.1093995012029474,-0.003184917368323825,1.0225618834124601,0.011788015485994393,0.08683761779048726,0.014972932854318218
airFoil2D_SST_46.469_1.046_1.869_1.706_6.605,2998358.199069726,1.0460000000000003,1.869,6.605,True,False,0.24943181640999346,0.03827105498848801,0.29645894679711216,0.008152695135900329,0.0470271303871187,0.030118359852587685
airFoil2D_SST_34.806_8.99_2.295_5.593_1.0_19.795,2245816.6837422987,8.99,2.295,19.795,True,False,1.0369809963822771,0.03421538337351926,1.0255098094765522,0.017894973420372176,0.011471186905724906,0.016320409953147083
airFoil2D_SST_40.175_10.442_1.962_3.054_0.0_6.878,2592245.1666191705,10.442,1.962,6.878,True,False,1.303503123646447,-0.0062819064996322005,1.2239671330230621,0.015338253721834245,0.07953599062338479,0.021620160221466445
airFoil2D_SST_75.993_6.792_4.581_6.945_9.388,4903359.973786947,6.792,4.581,9.388,True,False,1.0434305090003857,0.022422071196975327,1.3487341823150332,0.013173703856548777,0.3053036733146475,0.00924836734042655
airFoil2D_SST_43.911_10.067_6.259_4.589_11.269,2833306.223059475,10.067,6.259,11.269,True,False,1.4430645024330344,0.01604775487328179,1.6197224936779582,0.020771189712129653,0.17665799124492376,0.004723434838847861
airFoil2D_SST_81.551_-0.327_1.68_2.563_19.333,5261983.461928065,-0.327,1.68,19.333,True,False,0.1101956453672901,0.019874303137516036,0.11404913129309215,0.009787777931485834,0.00385348592580205,0.010086525206030202
airFoil2D_SST_44.995_5.582_0.618_7.104_1.0_16.596,2903250.062776094,5.582,0.618,16.596,True,False,0.627348538358542,-0.007219658880647628,0.6363906356619458,0.01158216077072358,0.009042097303403773,0.018801819651371208
airFoil2D_SST_66.371_-1.102_0.251_6.841_18.936,4282511.610545886,-1.102,0.251,18.936,True,False,0.019732420838007803,-0.004441727611708468,-0.08348620778030977,0.010006401834613578,0.10321862861831757,0.014448129446322046
airFoil2D_SST_76.326_4.848_6.47_5.914_13.755,4924846.411633474,4.848,6.47,13.755,True,False,0.9335248946445538,-0.013059127411545024,1.2457117399800708,0.014306407742551343,0.312186845335517,0.027365535154096367
airFoil2D_SST_36.275_5.975_3.061_0.0_14.428,2340602.2008490455,5.975,3.061,14.428,True,False,0.8391573191756057,0.012275093349564559,0.6299181246452773,0.011421143419742267,0.20923919453032835,0.0008539499298222918
airFoil2D_SST_85.763_11.065_1.74_5.104_0.0_19.742,5533757.8649598,11.065,1.74,19.742,True,False,1.2374514709169202,0.018255684039156034,1.2015197232139976,0.017113780240611044,0.03593174770292262,0.0011419037985449902
airFoil2D_SST_36.228_6.699_2.659_3.41_0.0_9.235,2337569.580492329,6.699,2.659,9.235,True,False,0.9904169287312083,0.0017550889791850821,0.9002946576301146,0.01155564342417012,0.09012227110109372,0.009800554444985038
airFoil2D_SST_32.717_11.377_2.913_6.33_1.0_13.804,2111026.3874618397,11.377,2.913,13.804,True,False,1.2919963007213462,0.011947826840404296,1.3862253913372247,0.020060672277990493,0.09422909061587847,0.008112845437586197
airFoil2D_SST_68.978_11.308_6.34_0.0_12.743,4450725.254587607,11.308,6.34,12.743,True,False,1.4928977904162437,0.01934056208761825,1.1855363718736478,0.014694785683261446,0.3073614185425959,0.004645776404356806
airFoil2D_SST_52.837_-0.902_2.345_6.419_1.0_9.831,3409245.995486176,-0.902,2.345,9.831,True,False,0.13537581892275552,0.010905739857870814,0.13293600732703553,0.008479173403018792,0.0024398115957199873,0.002426566454852022
airFoil2D_SST_50.441_7.5_3.907_0.0_15.735,3254646.881130992,7.499999999999999,3.907,15.735,True,False,1.075413355920725,0.01713794362185113,0.7825141602044857,0.012053881326324125,0.29289919571623935,0.005084062295527004
airFoil2D_SST_67.783_-2.041_4.431_3.865_18.25,4373619.268922146,-2.041,4.431,18.25,True,False,0.1381381789857185,-0.007363515931535725,0.2128403098210276,0.010234571180954832,0.0747021308353091,0.017598087112490557
airFoil2D_SST_38.696_5.826_6.666_4.567_13.87,2496814.4111386538,5.826,6.666,13.87,True,False,1.085507309317917,0.007551951128588863,1.2629616635644356,0.016416164540419994,0.17745435424651856,0.008864213411831131
airFoil2D_SST_89.523_6.267_4.381_6.934_14.085,5776367.49349715,6.2669999999999995,4.381,14.085,True,False,1.017809707409632,-0.02542791144158263,1.2280542245921429,0.013359695256588786,0.21024451718251091,0.03878760669817141
airFoil2D_SST_74.085_2.679_6.672_5.488_16.753,4780248.492071717,2.679,6.672,16.753,True,False,0.6695548117671434,-0.019670014473528147,0.9908620825393496,0.013601927875477947,0.3213072707722062,0.033271942349006094
airFoil2D_SST_83.453_5.16_0.476_3.817_1.0_17.328,5384707.800619033,5.16,0.476,17.328,True,False,0.5644317741406364,0.04005195277727261,0.5702091950225299,0.010298569939240993,0.00577742088189348,0.029753382838031618
airFoil2D_SST_68.698_11.271_1.041_4.528_18.668,4432658.58012206,11.271000000000003,1.041,18.668,True,False,1.1757381624633438,0.02380112454828845,1.1960808418953426,0.016971419508158735,0.020342679431998745,0.006829705040129714
airFoil2D_SST_45.238_3.827_0.257_4.609_15.737,2918929.3552586944,3.827,0.257,15.737,True,False,0.4310267574644675,0.008470024285411687,0.4263869348399469,0.01047267445629613,0.0046398226245206176,0.0020026501708844437
airFoil2D_SST_72.995_8.341_6.013_0.0_14.449,4709917.509330837,8.341000000000001,6.013,14.449,True,False,1.21184391809068,0.0027093810800540574,0.8871568887467618,0.011645044064216832,0.32468702934391813,0.008935662984162774
airFoil2D_SST_50.53_6.748_0.113_3.248_18.587,3260389.5026575406,6.747999999999999,0.113,18.587,True,False,0.6964599143273993,-0.03558284715509907,0.684513070809231,0.012346141159962184,0.011946843518168326,0.04792898831506126
airFoil2D_SST_47.008_-0.17_4.651_0.0_11.91,3033136.547415905,-0.17000000000000004,4.651,11.91,True,False,0.3436806291382374,0.00958876548666504,-0.015603772098390771,0.008909006673010854,0.35928440123662814,0.0006797588136541865
airFoil2D_SST_66.121_1.702_0.224_5.809_0.0_18.499,4266380.651201647,1.702,0.224,18.499,True,False,0.22997446319773712,-0.0313090459056338,0.1909366343812219,0.009997496819813843,0.03903782881651521,0.04130654272544764
airFoil2D_SST_67.148_7.787_1.038_6.816_8.317,4332646.63218778,7.787,1.038,8.317,True,False,0.9269129146839243,0.01145498729974731,0.9910825524536031,0.011140533731046752,0.06416963776967877,0.00031445356870055813
airFoil2D_SST_88.377_11.031_2.891_2.555_14.289,5702423.17586316,11.031000000000002,2.891,14.289,True,False,1.3665569317228912,-0.005951148789984706,1.407325604224051,0.01583569277066274,0.040768672501159786,0.021786841560647446
airFoil2D_SST_89.398_3.144_2.383_4.897_1.0_14.52,5768302.013825031,3.144,2.383,14.52,True,False,0.5068048753472676,0.013303759714214339,0.5369107159529193,0.009317235413570718,0.03010584060565169,0.003986524300643621
airFoil2D_SST_39.152_4.447_2.434_4.291_15.999,2526237.2809825456,4.447,2.434,15.999,True,False,0.6412504000417177,0.009250190142153086,0.7058522432363624,0.011885221144747219,0.06460184319464468,0.0026350310025941327
airFoil2D_SST_85.932_7.572_5.082_4.563_7.109,5544662.393476505,7.572000000000001,5.082,7.109,True,False,1.2428769120879728,0.017854641761365517,1.376752512712672,0.012295983248982904,0.13387560062469928,0.005558658512382613
airFoil2D_SST_37.104_0.913_0.585_4.275_1.0_12.237,2394092.4620345416,0.913,0.585,12.237,True,False,0.17450819698302578,0.028289028947456843,0.14324726994788273,0.00939839134405619,0.03126092703514305,0.01889063760340065
airFoil2D_SST_71.532_4.936_3.327_3.104_0.0_12.435,4615519.135248351,4.936,3.327,12.435,True,False,0.8307995289180121,0.009722947555269451,0.7488123120836161,0.010119133189607001,0.08198721683439603,0.0003961856343375498
airFoil2D_SST_87.67_10.55_1.612_7.225_1.0_13.709,5656804.822837653,10.55,1.612,13.709,True,False,1.2331887388595135,0.002427419296899158,1.2676296113611885,0.014171013348198265,0.034440872501674935,0.011743594051299107
airFoil2D_SST_56.105_6.781_1.751_7.49_0.0_6.457,3620109.896034065,6.781,1.751,6.457,True,False,0.8753419294858189,0.02442672948541197,0.9268483783482232,0.010428117433006423,0.0515064488624043,0.013998612052405546
airFoil2D_SST_85.691_1.344_0.994_4.15_0.0_5.785,5529112.148668659,1.344,0.994,5.785,True,False,0.20056412446327287,0.024837519551408366,0.2230950287980398,0.007135238259486452,0.022530904334766927,0.017702281291921914
airFoil2D_SST_54.659_-1.288_3.39_5.902_1.0_17.771,3526808.4271869883,-1.2879999999999998,3.39,17.771,True,False,0.1671775740449043,0.014647658530470342,0.16558327984842816,0.010267355857299357,0.001594294196476137,0.004380302673170985
airFoil2D_SST_59.251_2.558_1.39_5.544_0.0_12.531,3823101.8884219658,2.558,1.39,12.531,True,False,0.389004246092998,0.026089091587551044,0.40207804851463835,0.00915779893837787,0.013073802421640357,0.016931292649173174
airFoil2D_SST_62.866_8.143_4.559_2.422_8.17,4056355.5605396586,8.143,4.559,8.17,True,False,1.218054351167595,0.010751143063197216,1.3166844048176876,0.012835893683539153,0.09863005365009259,0.0020847506203419373
airFoil2D_SST_76.033_5.756_5.518_1.673_19.188,4905940.927282026,5.756,5.518,19.188,True,False,0.9098116160534411,-0.01731090817820119,1.0580246210472377,0.014518384761168448,0.14821300499379664,0.03182929293936964
airFoil2D_SST_85.129_1.736_1.952_3.253_1.0_17.464,5492849.75206281,1.736,1.952,17.464,True,False,0.3216312707865402,0.010556983419746702,0.30682560679534,0.00951006668633343,0.014805663991200202,0.0010469167334132713
airFoil2D_SST_37.983_9.999_6.128_2.638_10.544,2450808.915088885,9.999,6.128,10.544,True,False,1.4801270155467023,0.01861982218121455,1.582592251906727,0.019155702947984524,0.10246523636002469,0.0005358807667699729
airFoil2D_SST_51.977_8.365_1.935_4.03_1.0_5.275,3353755.4953419943,8.365,1.935,5.275,True,False,1.0679671666878476,0.019364379521649266,1.0386562836141708,0.011998305681810022,0.029310883073676797,0.007366073839839244
airFoil2D_SST_83.396_4.292_0.529_5.971_0.0_17.366,5381029.941888547,4.292,0.529,17.366,True,False,0.4901772411389431,0.03089041499070591,0.4946066451187206,0.010011821065857969,0.00442940397977748,0.020878593924847942
airFoil2D_SST_46.142_6.813_0.329_3.584_0.0_16.504,2977258.904247462,6.813,0.329,16.504,True,False,0.7457609745923093,-0.011922211986761855,0.722588556536471,0.012072980343115935,0.02317241805583825,0.02399519232987779
airFoil2D_SST_50.778_5.274_3.166_0.0_6.833,3276391.4143270254,5.274,3.166,6.833,True,False,0.882877135129591,-0.009039434848538641,0.5777549413639878,0.00916983296741079,0.30512219376560323,0.01820926781594943
airFoil2D_SST_42.34_1.874_0.761_3.136_1.0_10.022,2731939.2745402786,1.874,0.761,10.022,True,False,0.2777559608966861,0.05144371784073905,0.25422159946709644,0.008876411645582484,0.023534361429589645,0.042567306195156564
airFoil2D_SST_92.111_0.894_0.329_4.506_1.0_5.33,5943355.18462871,0.8939999999999999,0.329,5.33,True,False,0.14738525734880492,0.008726797225369912,0.12469542063067232,0.0069046336906098075,0.0226898367181326,0.0018221635347601042
airFoil2D_SST_61.921_6.028_3.682_6.54_1.0_11.703,3995380.534218436,6.027999999999999,3.682,11.703,True,False,0.9565724196471428,0.009637839168742446,1.012176229886672,0.011494541088216891,0.05560381023952932,0.001856701919474445
airFoil2D_SST_50.109_5.376_0.91_3.612_0.0_17.761,3233224.967121843,5.376,0.91,17.761,True,False,0.597885743699176,-0.031067037615966686,0.6073546055283127,0.011612186216949328,0.009468861829136643,0.042679223832916016
airFoil2D_SST_72.522_-1.898_1.79_5.467_0.0_18.926,4679397.734251537,-1.898,1.79,18.926,True,False,0.006499009549756907,0.0420244290323421,-0.04180587831419852,0.009876952228778907,0.048304887863955426,0.032147476803563196
airFoil2D_SST_60.404_0.309_6.318_0.0_16.556,3897497.8729175953,0.309,6.318,16.556,True,False,0.4401144141456901,-0.04169441870128232,0.03814925398269185,0.009547887737951302,0.4019651601629982,0.05124230643923362
airFoil2D_SST_43.327_8.905_4.236_6.511_10.744,2795624.302031333,8.905,4.236,10.744,True,False,1.2495153255166782,0.024545531800609824,1.4356203713674998,0.016645809000674854,0.18610504585082155,0.00789972279993497
airFoil2D_SST_87.14_5.626_5.045_3.272_6.19,5622607.189027866,5.626,5.045,6.19,True,False,1.0875859063286466,0.03487894262668273,1.1359684136540678,0.010070324025873196,0.048382507325421154,0.02480861860080953
airFoil2D_SST_65.137_-0.857_1.659_4.203_1.0_7.197,4202889.195222723,-0.857,1.659,7.197,True,False,0.014223882753691824,0.015170411542062417,0.03097825102838002,0.00764560305580392,0.016754368274688194,0.007524808486258498
airFoil2D_SST_46.385_3.538_4.58_2.02_19.22,2992938.1967300614,3.538,4.58,19.22,True,False,0.6270704517130745,-0.0067835372061617605,0.7484013640886062,0.01316400414711422,0.12133091237553173,0.01994754135327598
airFoil2D_SST_78.21_11.15_1.758_3.985_0.0_17.985,5046409.321251657,11.15,1.758,17.985,True,False,1.237285936217862,0.02144416135614738,1.2248255863128243,0.01648221627506222,0.012460349905037749,0.004961945081085158
airFoil2D_SST_91.532_9.129_2.77_4.013_1.0_17.265,5905995.882787453,9.129,2.77,17.265,True,False,1.1840058145575978,0.004669692853625895,1.1320127372809785,0.013928974906301064,0.05199307727661928,0.009259282052675169
airFoil2D_SST_85.062_9.693_0.727_6.947_0.0_17.293,5488526.654958554,9.692999999999998,0.727,17.293,True,False,1.038363595032243,0.01934162217451492,1.059142222648621,0.013559512646873283,0.020778627616377943,0.005782109527641636
airFoil2D_SST_90.26_10.644_0.076_3.962_1.0_18.874,5823921.5616439665,10.644,0.076,18.874,True,False,1.1145838353055422,0.005832786607724405,1.0634135755816698,0.014395978213081527,0.05117025972387235,0.008563191605357122
airFoil2D_SST_86.05_8.94_1.499_7.799_1.0_13.797,5552276.206286985,8.94,1.499,13.797,True,False,1.0566981525601913,0.004493362959610531,1.1107292723712003,0.012466842162989659,0.054031119811009054,0.007973479203379128
airFoil2D_SST_45.576_6.785_5.522_6.116_11.275,2940738.412292105,6.785,5.522,11.275,True,False,1.1755297538886482,-0.016129978692853986,1.3512620337434302,0.01551737326050673,0.17573227985478201,0.031647351953360714
airFoil2D_SST_72.479_0.714_1.541_6.943_0.0_5.203,4676623.209244328,0.714,1.541,5.203,True,False,0.14161723959385036,0.036430455033499926,0.23928871453969316,0.007273687800478605,0.0976714749458428,0.02915676723302132
airFoil2D_SST_70.176_3.422_1.033_4.854_16.158,4528024.8117652,3.422,1.033,16.158,True,False,0.42588587747597373,-0.008280803900900052,0.4709387419725292,0.009886461172573609,0.04505286449655549,0.01816726507347366
airFoil2D_SST_36.026_2.687_1.952_5.57_1.0_8.173,2324535.7653421843,2.6869999999999994,1.952,8.173,True,False,0.5059231486273215,0.039459937405748505,0.46885562381514456,0.009180890095204362,0.0370675248121769,0.030279047310544142
airFoil2D_SST_39.01_8.67_0.874_3.693_1.0_16.259,2517074.8960750178,8.67,0.874,16.259,True,False,1.011651687346751,0.0012399345487628943,0.9394221353436464,0.014127828065979307,0.07222955200310455,0.012887893517216413
airFoil2D_SST_69.898_4.93_3.946_7.033_1.0_17.851,4510087.184974407,4.93,3.946,17.851,True,False,0.700783166629526,0.01764041009303932,0.8918676724346738,0.012643468646529724,0.1910845058051478,0.004996941446509598
airFoil2D_SST_65.691_6.814_6.038_0.0_16.892,4238635.401129557,6.814,6.038,16.892,True,False,1.03433552157122,-0.02025941056530356,0.7122345503541325,0.011356405800262736,0.3221009712170875,0.0316158163655663
airFoil2D_SST_60.295_-0.953_1.701_6.885_1.0_6.221,3890464.7746435073,-0.9529999999999998,1.701,6.221,True,False,0.012954082036972514,0.026630399605879,0.07130143891234894,0.007619856188272074,0.05834735687537643,0.019010543417606926
airFoil2D_SST_48.556_4.703_2.613_2.844_18.204,3133019.447675431,4.703,2.613,18.204,True,False,0.6811785152863601,0.005820876078231507,0.7128276322836187,0.012290943425075695,0.031649116997258586,0.006470067346844188
airFoil2D_SST_65.808_6.849_5.27_0.0_13.499,4246184.690102661,6.848999999999999,5.27,13.499,True,False,1.0678444553807427,-0.0032387781045635777,0.7367023124521902,0.010627639213803997,0.3311421429285525,0.013866417318367574
airFoil2D_SST_61.997_12.253_0.155_7.019_0.0_15.847,4000284.3458590847,12.253,0.155,15.847,True,False,1.2362204341970875,0.003261214153659181,1.2416590278659119,0.016981616111464794,0.005438593668824376,0.013720401957805613
airFoil2D_SST_43.155_6.628_3.125_7.527_0.0_5.947,2784526.202002497,6.628000000000001,3.125,5.947,True,False,1.0756579637855657,0.007394653609987284,1.054266663019714,0.011313934982247977,0.021391300765851717,0.003919281372260693
airFoil2D_SST_91.707_-1.557_3.933_4.731_0.0_12.944,5917287.55432842,-1.557,3.933,12.944,True,False,0.1756705087503766,0.005444397242074739,0.15240359469123704,0.008422051298998083,0.023266914059139554,0.0029776540569233442
airFoil2D_SST_88.17_-0.293_2.876_3.63_1.0_18.584,5689066.741526131,-0.293,2.876,18.584,True,False,0.16082911397366995,0.03157453278989909,0.16380502176488274,0.00952215384332204,0.0029759077912127896,0.022052378946577054
airFoil2D_SST_44.949_3.443_0.484_5.614_0.0_19.985,2900281.966256754,3.443,0.484,19.985,True,False,0.47478428316857224,-0.012782443649999697,0.3719498343804164,0.011568099766625085,0.10283444878815584,0.024350543416624782
airFoil2D_SST_85.797_6.201_5.364_5.552_19.21,5535951.675430615,6.200999999999999,5.364,19.21,True,False,0.95695010123149,-0.024373801842106024,1.1595638090739655,0.016130031566237223,0.20261370784247545,0.04050383340834325
airFoil2D_SST_63.433_6.161_3.278_0.0_6.358,4092940.576332392,6.161,3.278,6.358,True,False,0.8993704614954534,0.00707505742623446,0.6734968646404277,0.009377392616312555,0.22587359685502573,0.0023023351900780947
airFoil2D_SST_83.668_-0.154_1.841_7.055_1.0_10.304,5398580.425655079,-0.154,1.841,10.304,True,False,0.09518546864971572,-0.007545358302017413,0.17945751127395737,0.00790343796541127,0.08427204262424165,0.015448796267428682
airFoil2D_SST_59.086_9.398_0.12_7.508_1.0_17.704,3812455.455254768,9.398,0.12,17.704,True,False,0.966741977953711,-0.0053991823259158245,0.9568809963530176,0.01388284411861453,0.009860981600693375,0.019282026444530354
airFoil2D_SST_77.362_11.678_4.986_6.817_10.94,4991693.107155999,11.678,4.986,10.94,True,False,1.4836464083127798,0.034927063168510894,1.748952608175943,0.022047896032852253,0.2653061998631632,0.012879167135658641
airFoil2D_SST_45.261_11.624_6.817_4.27_6.986,2920413.4035183643,11.624000000000002,6.817,6.986,True,False,1.7381433947900637,0.03774095999156071,1.8003417868157932,0.023740106967742775,0.06219839202572941,0.014000853023817938
airFoil2D_SST_33.243_9.415_0.453_6.549_1.0_9.924,2144965.925922118,9.415,0.453,9.924,True,False,1.0018199554262646,-0.004150054371131251,1.0401504662431962,0.013912284923156229,0.03833051081693162,0.01806233929428748
airFoil2D_SST_57.872_7.314_5.454_3.799_13.179,3734123.516679145,7.313999999999999,5.454,13.179,True,False,1.1463519218888536,-0.0074637209301433305,1.3089108788269177,0.014654962930464269,0.1625589569380641,0.0221186838606076
airFoil2D_SST_80.611_-1.934_4.377_0.0_7.627,5201331.054793727,-1.934,4.377,7.627,True,False,0.22045719719600293,-0.0061216929556826005,-0.21289683501059867,0.007519544200390826,0.4333540322066016,0.013641237156073426
airFoil2D_SST_55.908_1.309_0.434_3.31_1.0_9.549,3607398.700070805,1.309,0.434,9.549,True,False,0.12913194660861577,0.01526650647719141,0.17304333873923144,0.008282807382077045,0.04391139213061568,0.0069836990951143655
airFoil2D_SST_79.844_5.144_0.947_7.443_0.0_12.405,5151841.271525602,5.144,0.947,12.405,True,False,0.6972520595015763,0.03723064425054856,0.6621780667091026,0.009490471708185825,0.035073992792473696,0.02774017254236274
airFoil2D_SST_60.991_-0.053_4.159_1.545_12.053,3935373.3654578677,-0.053,4.159,12.053,True,False,0.43174421545242114,-0.008452918052539893,0.39119916257051135,0.009106954595514036,0.04054505288190979,0.017559872648053927
airFoil2D_SST_75.235_-0.236_2.204_6.684_13.159,4854450.905055216,-0.23599999999999996,2.204,13.159,True,False,0.12031158837513772,-0.0021586650193430312,0.2728649508347165,0.008741346983626887,0.1525533624595788,0.010900012002969918
airFoil2D_SST_80.715_4.776_3.703_6.357_1.0_11.797,5208041.53388093,4.776,3.703,11.797,True,False,0.8237965738804787,0.01599310339205405,0.8818433607600419,0.010221366064114524,0.05804678687956322,0.005771737327939527
airFoil2D_SST_46.138_8.316_1.46_7.535_0.0_7.129,2977000.808897954,8.316,1.46,7.129,True,False,1.0182994182748102,0.011804692641977005,1.0510003543240518,0.012276382301172735,0.032700936049241625,0.0004716896591957301
airFoil2D_SST_50.93_3.625_5.856_1.977_18.239,3286199.0376083227,3.6250000000000004,5.856,18.239,True,False,0.6990519192116259,0.00146288500987668,0.884364741614409,0.01356455586263778,0.18531282240278313,0.0121016708527611
airFoil2D_SST_37.26_8.498_2.099_4.252_6.054,2404158.1806653463,8.498,2.099,6.054,True,False,1.1732056189844606,-0.019818482222624972,1.1281351228587264,0.013903280108771593,0.045070496125734216,0.033721762331396565
airFoil2D_SST_41.51_6.319_2.605_4.961_1.0_6.003,2678384.4895174056,6.319,2.605,6.003,True,False,0.9864748528199356,0.019763686504294622,0.8993174762002217,0.01055484414778812,0.0871573766197139,0.009208842356506503
airFoil2D_SST_51.025_3.578_3.636_2.36_13.085,3292328.8021591334,3.5779999999999994,3.636,13.085,True,False,0.7401634090408956,-0.023448586651821757,0.7367634262827902,0.010637414493221276,0.00339998275810538,0.03408600114504303
airFoil2D_SST_56.749_11.537_2.348_3.444_0.0_7.026,3661663.2473048246,11.536999999999999,2.348,7.026,True,False,1.410197827366852,0.015002710890505783,1.3656167933928542,0.016386362415763134,0.04458103397399782,0.0013836515252573511
airFoil2D_SST_85.519_7.963_6.333_5.46_6.878,5518014.048639823,7.963000000000001,6.333,6.878,True,False,1.350313893765042,0.042996275815178606,1.5725352388079195,0.014458065871651434,0.22222134504287738,0.02853820994352717
airFoil2D_SST_37.323_7.282_1.878_4.063_1.0_7.355,2408223.182420095,7.282,1.878,7.355,True,False,1.0077542694740804,-0.017593035115250538,0.9240567265719388,0.011446223690985167,0.0836975429021416,0.029039258806235705
airFoil2D_SST_62.504_-2.45_2.919_6.97_0.0_13.421,4032997.9314092007,-2.45,2.919,13.421,True,False,0.04061017157991281,-0.024812705997112966,0.03686398405539793,0.009032746690389197,0.003746187524514881,0.033845452687502164
airFoil2D_SST_50.02_3.666_0.162_6.364_18.534,3227482.3455952937,3.666,0.162,18.534,True,False,0.4257670340196432,-0.026392657957707455,0.3846822778132773,0.010946517609331128,0.041084756206365924,0.037339175567038585
airFoil2D_SST_54.441_3.497_2.944_6.185_1.0_6.564,3512742.2306388123,3.4969999999999994,2.944,6.564,True,False,0.6707389611660455,0.014647080385198824,0.6651863896436622,0.008842837932702666,0.005552571522383309,0.005804242452496158
airFoil2D_SST_62.569_11.903_6.746_4.399_6.448,4037191.980838703,11.903,6.746,6.448,True,False,1.7333389261006105,0.056075209433737644,1.8347644094041902,0.023383161950914038,0.1014254833035797,0.0326920474828236
airFoil2D_SST_44.068_12.32_3.827_5.777_0.0_10.068,2843436.4655276565,12.32,3.827,10.068,True,False,1.5312189998484769,0.036546698751257406,1.5760612757674624,0.020330459398086014,0.044842275918985486,0.016216239353171392
airFoil2D_SST_49.168_-0.213_1.505_6.78_0.0_10.288,3172508.0361501276,-0.21300000000000002,1.505,10.288,True,False,0.0927469351074181,0.02588423363551455,0.13115188276231993,0.00859820998590461,0.03840494765490182,0.01728602364960994
airFoil2D_SST_45.003_-0.217_3.04_5.349_1.0_6.602,2903766.25347511,-0.217,3.04,6.602,True,False,0.22798631116991347,0.01812194513291615,0.24073149111354705,0.008262271434228714,0.012745179943633583,0.009859673698687437
airFoil2D_SST_45.059_0.002_4.332_6.389_8.438,2907379.5883682193,0.002,4.332,8.438,True,False,0.34487322287889843,0.012360885404557806,0.5848790161135647,0.009353652665765691,0.2400057932346663,0.0030072327387921146
airFoil2D_SST_33.163_-1.909_2.306_3.054_0.0_11.764,2139804.018931961,-1.9089999999999998,2.306,11.764,True,False,-0.009404277756364654,-0.015438494547572346,-0.06056886264983428,0.009507825165968585,0.051164584893469624,0.02494631971354093
airFoil2D_SST_58.831_-3.563_2.815_4.916_10.078,3796001.876723645,-3.563,2.815,10.078,False,True,-0.023495074965525442,-0.029061234306028416,-0.061631432377760156,0.008585165659939413,0.038136357412234714,0.03764639996596783
airFoil2D_SST_42.531_-3.927_1.264_6.838_0.0_7.489,2744263.327479277,-3.9270000000000005,1.264,7.489,False,True,-0.23812073657279106,-0.057767954589160564,-0.3007561417417155,0.00881441791492451,0.06263540516892444,0.06658237250408508
airFoil2D_SST_44.858_13.36_1.546_3.174_1.0_10.604,2894410.297055451,13.36,1.546,10.604,False,True,1.4637766337570248,0.02047216055105433,1.4472288547960763,0.020486384974696653,0.0165477789609485,1.4224423642322792e-05
airFoil2D_SST_75.517_-3.634_1.762_7.071_1.0_17.343,4872646.6271955175,-3.634,1.762,17.343,False,True,-0.21045383953192545,0.021290719791870166,-0.19971165090170084,0.009647756511058444,0.010742188630224608,0.011642963280811722
airFoil2D_SST_73.976_-2.934_2.212_6.681_0.0_13.706,4773215.3937976295,-2.934,2.212,13.706,False,True,-0.114060512659796,-0.007753667624467331,-0.0942623563211703,0.008814764495664151,0.019798156338625694,0.016568432120131482
airFoil2D_SST_84.89_-2.91_3.76_7.573_1.0_16.205,5477428.554929717,-2.9099999999999997,3.76,16.205,False,True,-0.01608452059983778,0.002429265362259625,0.09417838678075538,0.009292991237241937,0.11026290738059316,0.006863725874982312
airFoil2D_SST_57.861_12.67_1.489_5.729_0.0_7.279,3733413.754467998,12.67,1.489,7.279,False,True,1.448406744428871,0.013714593780885853,1.4296420218559809,0.01976280590062303,0.01876472257289019,0.006048212119737176
airFoil2D_SST_67.316_-3.017_6.793_2.558_11.687,4343486.636867109,-3.017,6.793,11.687,False,True,0.2530866146443593,0.03464557783909264,0.34465239701790423,0.009413476457660967,0.09156578237354496,0.02523210138143167
airFoil2D_SST_64.711_14.35_0.189_3.829_0.0_9.846,4175402.0405001407,14.350000000000001,0.189,9.846,False,True,1.5223778896190876,0.04015099133159335,1.450103519328636,0.02260633397740536,0.07227437029045158,0.017544657354187986
airFoil2D_SST_46.92_12.697_1.222_7.385_0.0_13.444,3027458.449726733,12.697000000000001,1.222,13.444,False,True,1.35865805276638,0.037266996070940694,1.390479472968634,0.01931158019462858,0.03182142020225398,0.017955415876312115
airFoil2D_SST_42.444_-2.735_2.719_5.132_0.0_18.918,2738649.753627482,-2.735,2.719,18.918,False,True,-0.024155229601288297,0.05913395611239089,-0.05645048689712332,0.010886259776347582,0.032295257295835024,0.04824769633604331
airFoil2D_SST_55.746_-4.682_0.208_0.0_16.346,3596945.8384157387,-4.682,0.208,16.346,False,True,-0.35259939646159055,0.03398370066191855,-0.4872369557158246,0.010495711025865714,0.13463755925423404,0.02348798963605284
airFoil2D_SST_51.554_-3.382_1.05_1.734_8.866,3326461.912131543,-3.382,1.05,8.866,False,True,-0.2009331983190007,-0.02786757879872717,-0.26964500303961764,0.008558770212503253,0.06871180472061694,0.03642634901123042
airFoil2D_SST_38.382_-2.604_2.772_5.791_0.0_9.112,2476553.92620229,-2.6040000000000005,2.772,9.112,False,True,-0.003888394315093552,-0.03110666421789257,-0.030637242728613914,0.008971730275006144,0.026748848413520362,0.04007839449289871
airFoil2D_SST_40.39_-2.548_1.735_6.956_1.0_14.447,2606117.791655216,-2.5479999999999996,1.735,14.447,False,True,-0.07553179642307598,0.023658181657987304,-0.09501345593577748,0.00985701400264696,0.019481659512701505,0.013801167655340344
airFoil2D_SST_72.412_-3.963_1.951_3.133_0.0_18.479,4672300.1121400725,-3.9630000000000005,1.951,18.479,False,True,-0.1910824829062902,0.04635961384187903,-0.2804224533510089,0.010019277759069453,0.0893399704447187,0.03634033608280958
airFoil2D_SST_61.489_13.586_3.556_5.162_1.0_9.389,3967506.236471591,13.586,3.556,9.389,False,True,1.6207366125873839,0.05848753444930567,1.6551748551357464,0.02149060954720831,0.034438242548362474,0.036996924902097356
airFoil2D_SST_55.399_13.545_0.692_1.92_13.624,3574556.066845935,13.544999999999998,0.692,13.624,False,True,1.4309636935883647,0.04596677893155668,1.411179992648748,0.019943774739697735,0.019783700939616677,0.026023004191858944
airFoil2D_SST_84.367_14.837_0.843_4.812_12.138,5443682.5879815705,14.837000000000002,0.843,12.138,False,True,1.6042984945260823,0.021435876296754156,1.5576073223721687,0.02196028032331838,0.04669117215391361,0.0005244040265642257
airFoil2D_SST_36.716_13.365_2.832_4.656_6.353,2369057.213132283,13.364999999999998,2.832,6.353,False,True,1.701869877788796,-0.010243496973976418,1.5486517251708338,0.03142219280019565,0.15321815261796212,0.041665689774172066
airFoil2D_SST_68.014_-2.892_1.441_4.122_0.0_9.246,4388524.275356223,-2.892,1.441,9.246,False,True,-0.1551676124595514,-0.02107279816076743,-0.2101548124187406,0.008130041116936387,0.05498719995918919,0.02920283927770382
airFoil2D_SST_68.546_13.064_0.074_6.34_14.575,4422850.956840764,13.064,0.074,14.575,False,True,1.328393098251988,0.013195985457289283,1.324311846346862,0.017786156461991234,0.004081251905126093,0.004590171004701951
airFoil2D_SST_77.218_-3.36_3.906_6.244_0.0_16.651,4982401.674573719,-3.36,3.906,16.651,False,True,-0.016088980346572468,-0.01017598452804161,0.01244835185490441,0.009520210572920195,0.028537332201476875,0.019696195100961805
airFoil2D_SST_66.772_14.214_1.156_6.53_0.0_13.206,4308385.669334046,14.214,1.156,13.206,False,True,1.5016215312317855,0.043083179685884015,1.509093997364396,0.02140615622845064,0.007472466132610434,0.021677023457433376
airFoil2D_SST_31.468_13.713_3.339_3.51_6.993,2030436.1145780226,13.712999999999997,3.339,6.993,False,True,1.7410490718469809,-0.010777786089631647,1.6203531721779667,0.02925499566613931,0.12069589966901417,0.040032781755770956
airFoil2D_SST_73.831_12.535_2.316_4.806_0.0_15.905,4763859.437377972,12.535,2.316,15.905,False,True,1.3909046501238012,0.03631616525366259,1.4184272790831112,0.019000512997637165,0.027522628959310014,0.017315652256025424
airFoil2D_SST_33.272_14.436_4.837_2.403_9.237,2146837.1172060496,14.436,4.837,9.237,False,True,1.7957707852816993,0.020877448320415548,1.775222131310344,0.030501822150915767,0.020548653971355302,0.00962437383050022
airFoil2D_SST_36.564_-3.341_0.981_5.647_1.0_9.449,2359249.589850986,-3.341,0.981,9.449,False,True,-0.24719998787434633,-0.05643301511309032,-0.2763627833303798,0.009171822159775692,0.029162795456033452,0.065604837272866
airFoil2D_SST_86.027_-3.133_3.068_6.365_14.244,5550792.1580273155,-3.1330000000000005,3.068,14.244,False,True,-0.0832373842768721,0.013233953403301246,0.052306990725386124,0.0088514413519953,0.13554437500225824,0.0043825120513059455
airFoil2D_SST_81.1_-3.152_4.53_2.464_15.089,5232883.211271057,-3.152,4.53,15.089,False,True,0.02980167631877051,-0.004244914312554082,0.09878363966740732,0.009130896690335087,0.06898196334863681,0.01337581100288917
airFoil2D_SST_90.277_-2.776_6.739_5.51_14.548,5825018.466879374,-2.776,6.739,14.548,False,True,0.24573088084764044,0.05497950419648931,0.4835770826072407,0.009935253583135049,0.23784620175960025,0.045044250613354264
airFoil2D_SST_66.517_-4.79_1.812_6.503_0.0_6.067,4291932.090802921,-4.79,1.812,6.067,False,True,-0.15026966434267425,-0.030978589916605126,-0.34638027025644796,0.008525205396273133,0.19611060591377372,0.03950379531287826
airFoil2D_SST_50.077_-4.416_2.834_4.029_1.0_5.156,3231160.20432578,-4.416,2.834,5.156,False,True,-0.08873880914503687,-0.02001675376629561,-0.28294453081766197,0.045948829595197124,0.1942057216726251,0.06596558336149273
airFoil2D_SST_70.657_-4.057_4.525_0.0_13.307,4559060.777543515,-4.057,4.525,13.307,False,True,-0.01725376342382967,-0.010508576329561092,-0.43502124718326096,0.009201309817197367,0.4177674837594313,0.01970988614675846
airFoil2D_SST_64.825_12.62_2.925_4.496_6.121,4182757.757961114,12.620000000000001,2.925,6.121,False,True,1.5524692493043972,0.05687325127036266,1.5590843912866414,0.0238582186328735,0.0066151419822442215,0.03301503263748916
airFoil2D_SST_90.188_13.394_3.579_5.456_1.0_15.563,5819275.845352826,13.394,3.579,15.563,False,True,1.6311314676727078,0.011853640705981272,1.5849369949463288,0.022555860251734117,0.046194472726379,0.010702219545752845
airFoil2D_SST_40.585_14.545_0.315_2.716_9.25,2618699.9399437224,14.545000000000002,0.315,9.25,False,True,1.5005095280145064,0.014973115126739947,1.4495179483083527,0.026725241310038738,0.050991579706153756,0.011752126183298791
airFoil2D_SST_69.102_-4.625_3.128_4.279_1.0_8.06,4458726.210422351,-4.625,3.128,8.06,False,True,-0.04011163794209824,-0.020457324986261405,-0.26855521505773233,0.008828265503797986,0.2284435771156341,0.02928559049005939
airFoil2D_SST_65.898_13.848_2.833_4.75_1.0_6.545,4251991.835466586,13.848,2.833,6.545,False,True,1.6701990400949909,0.07117125161278609,1.6100334476294547,0.023178194833225144,0.06016559246553621,0.04799305677956095
airFoil2D_SST_54.567_-4.146_1.985_6.416_1.0_6.25,3520872.234148308,-4.146,1.985,6.25,False,True,-0.13132283434823616,-0.0174443351039153,-0.26066268108064694,0.008510522630269399,0.12933984673241078,0.025954857734184697
airFoil2D_SST_55.932_12.905_1.912_3.367_1.0_10.866,3608947.272167852,12.905,1.912,10.866,False,True,1.4391524170215226,0.034250942393432265,1.4446518453874673,0.018713553102733926,0.005499428365944636,0.015537389290698339
airFoil2D_SST_90.417_-4.392_3.599_3.758_1.0_19.217,5834051.8041121485,-4.392000000000001,3.599,19.217,False,True,-0.14369734206360263,0.014241924025614194,-0.19671345131230702,0.009770256888597846,0.053016109248704396,0.004471667137016348
airFoil2D_SST_47.196_-4.934_1.548_7.354_0.0_16.511,3045267.0288427724,-4.934,1.548,16.511,False,True,-0.24447490405795616,0.042422186459737304,-0.3512565973003055,0.010616118010213718,0.10678169324234935,0.031806068449523585
airFoil2D_SST_75.304_14.015_0.408_7.275_1.0_11.623,4858903.049834226,14.015,0.408,11.623,False,True,1.5078946996382396,0.027752059491092704,1.4568918706679488,0.019886456086392838,0.05100282897029085,0.007865603404699866
airFoil2D_SST_76.656_14.794_2.878_4.67_13.867,4946139.277967869,14.794000000000002,2.878,13.867,False,True,1.6561313706439784,0.0867334486725683,1.6809444555782895,0.02569678449391625,0.024813084934311114,0.06103666417865205
airFoil2D_SST_60.062_-4.722_0.758_2.704_9.164,3875430.720534676,-4.722,0.758,9.164,False,True,-0.3028292130424061,-0.03329947278215953,-0.44109435945311337,0.008831962940055567,0.13826514641070725,0.042131435722215095
airFoil2D_SST_52.096_-2.731_2.953_4.585_0.0_19.774,3361433.8319898522,-2.731,2.953,19.774,False,True,0.037033946267399365,0.051948418353184575,-0.04994942600588037,0.010729664959043969,0.08698337227327974,0.041218753394140606
airFoil2D_SST_47.093_14.314_1.944_5.882_1.0_8.115,3038621.0735929464,14.314,1.944,8.115,False,True,1.6635217766500965,0.012583030866933215,1.5759795311922429,0.02546577611530182,0.0875422454578536,0.012882745248368604
airFoil2D_SST_79.363_-2.891_4.248_5.445_5.234,5120805.305747286,-2.891,4.248,5.234,False,True,0.16048487345995155,-0.013357562365118675,0.21723676254136523,0.0075546077417379485,0.05675188908141368,0.02091217010685662
airFoil2D_SST_41.402_13.739_1.243_5.342_1.0_17.799,2671415.9150806945,13.739,1.243,17.799,False,True,1.4119154663330666,0.07191680142830341,1.3524009258462955,0.024863274959054254,0.059514540486771184,0.04705352646924915
airFoil2D_SST_87.75_14.191_0.722_3.837_1.0_6.198,5661966.729827809,14.191,0.722,6.198,False,True,1.6346042660805618,0.051938845752441676,1.4223622265626417,0.031690867699943635,0.2122420395179201,0.02024797805249804
airFoil2D_SST_86.438_13.799_4.104_0.0_19.913,5577311.455189244,13.798999999999998,4.104,19.913,False,True,1.723777704435382,0.0007117563286200834,1.294393117976062,0.020348300407501553,0.42938458645932,0.01963654407888147
airFoil2D_SST_74.299_14.375_3.721_2.151_11.098,4794056.593270387,14.375,3.721,11.098,False,True,1.670758481419021,0.09161496336845815,1.743604848557524,0.02370312323909346,0.0728463671385029,0.06791184012936469
airFoil2D_SST_90.743_14.221_1.897_3.274_8.669,5855086.575097036,14.221,1.897,8.669,False,True,1.6524061096461178,0.028480407012769896,1.611027186706278,0.02207605737218447,0.0413789229398398,0.006404349640585425
airFoil2D_SST_34.943_-3.548_0.916_2.445_11.722,2254656.4494629414,-3.548,0.916,11.722,False,True,-0.2571069821851739,-0.06086435836645715,-0.29382266816511476,0.009715449603479536,0.03671568597994085,0.07057980796993668
airFoil2D_SST_48.167_-3.26_5.094_0.0_7.029,3107919.674935796,-3.26,5.094,7.029,False,True,0.06140213008198481,0.000742142818245195,-0.3572805107592302,0.008410586659948163,0.418682640841215,0.007668443841702968
airFoil2D_SST_35.575_-4.221_6.432_5.051_16.214,2295435.5146851772,-4.221,6.432,16.214,False,True,0.00945821903127167,0.015562792297709876,0.22156328127964256,0.011699184150925003,0.2121050622483709,0.0038636081467848735
airFoil2D_SST_43.562_-3.431_1.767_5.139_0.0_15.991,2810787.4038149174,-3.431,1.767,15.991,False,True,-0.12436340204388024,0.03528309019669587,-0.2104423190957923,0.0102145079740052,0.08607891705191206,0.02506858222269067
airFoil2D_SST_51.929_-4.307_5.722_6.165_14.746,3350658.351147901,-4.3069999999999995,5.722,14.746,False,True,0.0520242675085153,-0.03867847237697086,0.21901693635709385,0.010642553010846306,0.16699266884857855,0.04932102538781717
airFoil2D_SST_48.774_-3.265_0.413_7.125_0.0_10.73,3147085.6442236076,-3.265,0.413,10.73,False,True,-0.2568867705354779,-0.0019441381687881898,-0.3126753307565594,0.008987617181187894,0.055788560221081474,0.010931755349976084
airFoil2D_SST_78.338_-4.8_1.48_3.787_9.914,5054668.372435907,-4.8,1.48,9.914,False,True,-0.32861187258379937,-0.024598823007941,-0.366991026341158,0.008497574861960932,0.03837915375735862,0.033096397869901935
airFoil2D_SST_38.052_-3.281_6.341_2.939_9.861,2455261.0598678947,-3.281,6.341,9.861,False,True,0.03496780479681505,0.006258027890171103,0.2807906964663961,0.009895913707893932,0.24582289166958105,0.003637885817722829
airFoil2D_SST_68.102_12.531_1.296_5.073_1.0_8.782,4394202.373045396,12.531,1.296,8.782,False,True,1.410803832521721,0.028451819831977837,1.4064197537964926,0.017576867732039626,0.00438407872522828,0.01087495209993821
airFoil2D_SST_33.16_12.978_4.208_5.336_7.291,2139610.4474198306,12.978,4.208,7.291,False,True,1.7108730256331512,-0.002625671781337713,1.6788317717039711,0.027651142930086015,0.032041253929180114,0.030276814711423728
airFoil2D_SST_54.588_13.044_6.998_0.0_15.482,3522227.2347332244,13.044,6.998,15.482,False,True,1.5939755653067051,0.043113793725407246,1.2992253069608066,0.018721352130605023,0.2947502583458985,0.024392441594802222
airFoil2D_SST_36.198_-2.544_2.402_5.395_1.0_14.297,2335633.8653710205,-2.544,2.402,14.297,False,True,-0.04411812120457834,0.015640823249604946,-0.06277164829797274,0.010005464782439492,0.018653527093394406,0.005635358467165454
airFoil2D_SST_91.19_-3.322_0.977_3.547_6.125,5883928.730404534,-3.322,0.977,6.125,False,True,-0.227093661207021,-0.003376465979650578,-0.26128439962440664,0.007372477115552717,0.034190738417385624,0.010748943095203295
airFoil2D_SST_84.774_14.053_3.28_5.002_1.0_12.931,5469943.789793991,14.053000000000003,3.28,12.931,False,True,1.650627070106857,0.05060352764906112,1.646081850987522,0.022053754517526343,0.004545219119335142,0.028549773131534777
airFoil2D_SST_70.495_-4.107_0.853_1.987_13.259,4548607.915888449,-4.107,0.853,13.259,False,True,-0.2982907284764649,-0.012208320685233448,-0.36154019070698507,0.009083582732452324,0.06324946223052019,0.021291903417685772
airFoil2D_SST_44.662_-4.881_1.733_0.0_7.201,2881763.6249295683,-4.881,1.733,7.201,False,True,-0.24492189626612348,-0.0557277729499106,-0.533626333154399,0.009193212358025104,0.2887044368882755,0.0649209853079357
airFoil2D_SST_59.149_14.475_6.005_0.0_13.559,3816520.4570095167,14.475,6.005,13.559,False,True,1.6823694185303524,0.0842971305446022,1.4302795472558885,0.02164060820863955,0.2520898712744639,0.06265652233596264
airFoil2D_SST_40.758_12.911_3.336_5.667_0.0_6.882,2629862.5638099355,12.911,3.336,6.882,False,True,1.673313321716523,0.010741717350699481,1.5846947454213236,0.02216781778203103,0.08861857629519942,0.011426100431331548
airFoil2D_SST_34.613_-4.801_4.017_0.0_12.213,2233363.5831285464,-4.801,4.017,12.213,False,True,-0.16111793523904344,-0.04753074776311991,-0.5125815099307791,0.010411983292781223,0.35146357469173567,0.057942731055901135
airFoil2D_SST_67.131_14.535_2.797_5.227_0.0_13.938,4331549.726952372,14.534999999999998,2.797,13.938,False,True,1.571428278172439,0.06492571537524942,1.61107618169496,0.02505061241497549,0.03964790352252101,0.03987510296027393
airFoil2D_SST_76.997_13.224_0.35_6.594_0.0_10.035,4968141.906513411,13.224,0.35,10.035,False,True,1.4461950850431644,0.020035505437238227,1.3939702493051855,0.018430060613884587,0.05222483573797887,0.0016054448233536397
airFoil2D_SST_35.424_-3.014_1.51_5.078_1.0_5.743,2285692.415241257,-3.0139999999999993,1.51,5.743,False,True,-0.15505284163524224,-0.031956515409861386,-0.203919801634749,0.008673842193693868,0.04886695999950674,0.04063035760355525
airFoil2D_SST_41.311_-3.941_2.322_4.945_6.189,2665544.2458793917,-3.9409999999999994,2.322,6.189,False,True,-0.11568025063983475,-0.04231749193602846,-0.15607637868004756,0.008611955994283355,0.04039612804021281,0.050929447930311816
airFoil2D_SST_72.837_-2.511_3.539_2.687_13.716,4699722.743025278,-2.511,3.539,13.716,False,True,0.05060126215677663,-0.003749915588892233,0.07760337465585135,0.00886819286497718,0.02700211249907472,0.012618108453869414
airFoil2D_SST_92.774_-4.444_3.376_3.813_5.69,5986134.488809631,-4.444000000000001,3.376,5.69,False,True,-0.05109596027885799,-0.04498799656533281,-0.11907579710811922,0.007753290748711653,0.06797983682926123,0.05274128731404446
airFoil2D_SST_74.259_-3.09_2.43_4.486_7.835,4791475.639775308,-3.0900000000000003,2.43,7.835,False,True,-0.03724401503724811,-0.003132184458885967,-0.06083699950108287,0.0078028662187106385,0.02359298446383476,0.010935050677596606
airFoil2D_SST_88.797_-4.375_5.779_4.583_5.896,5729523.18756148,-4.375,5.779,5.896,False,True,0.10492847407054917,-0.04422937218667217,0.18646844613407046,0.008087650477916958,0.08153997206352129,0.052317022664589125
airFoil2D_SST_80.803_-4.91_1.694_6.653_18.254,5213719.631570102,-4.91,1.694,18.254,False,True,-0.3157086201788851,0.04849288563561338,-0.3121270393975016,0.010090719172708953,0.003581580781383542,0.038402166462904425
airFoil2D_SST_77.296_14.133_2.822_1.625_5.329,4987434.53388912,14.133,2.822,5.329,False,True,1.7198383919681914,0.04861639037599695,1.6378939742714742,0.027794191638340668,0.08194441769671723,0.020822198737656283
airFoil2D_SST_58.154_-3.419_3.778_4.845_1.0_17.348,3752319.2388194464,-3.4189999999999996,3.778,17.348,False,True,0.01790571745756614,0.0014253366760156316,-0.052566091809937904,0.010064372735698063,0.07047180926750404,0.008639036059682432
airFoil2D_SST_90.998_-3.877_2.671_5.121_9.828,5871540.153628159,-3.8769999999999993,2.671,9.828,False,True,-0.13679853906754375,-0.009255443790691431,-0.10484897880725806,0.007972954995594372,0.031949560260285684,0.017228398786285803
airFoil2D_SST_92.577_13.046_6.41_5.316_13.081,5973423.292846371,13.046,6.41,13.081,False,True,1.7940495748970169,0.007791485930842806,1.8441060825231188,0.028395078922641422,0.05005650762610192,0.020603592991798616
airFoil2D_SST_71.221_-3.6_3.181_4.506_0.0_15.109,4595452.221824119,-3.6,3.181,15.109,False,True,-0.09861740248860984,-0.003018669251285855,-0.13365280743295713,0.009247747672737722,0.03503540494434729,0.012266416924023577
airFoil2D_SST_50.809_-3.601_1.99_4.754_0.0_9.755,3278391.653285711,-3.601,1.99,9.755,False,True,-0.1435764711013387,-0.026321336348642588,-0.23207378840707593,0.008798620553158202,0.08849731730573723,0.03511995690180079
airFoil2D_SST_75.905_-4.83_0.564_0.0_13.817,4897681.876097776,-4.83,0.564,13.817,False,True,-0.39019117255003205,-0.006926695355446683,-0.5192640431848233,0.009462028207050676,0.12907287063479128,0.01638872356249736
airFoil2D_SST_76.582_-4.258_0.93_4.137_0.0_7.316,4941364.514001974,-4.257999999999999,0.93,7.316,False,True,-0.32106534465047554,-0.028994419298761787,-0.39952070357638525,0.00810656918712954,0.07845535892590971,0.03710098848589133
airFoil2D_SST_87.258_13.279_1.949_4.042_0.0_17.866,5630221.001838347,13.278999999999998,1.949,17.866,False,True,1.4962091691940254,0.025442753759491454,1.4093466050322263,0.02041266574853739,0.08686256416179905,0.005030088010954066
airFoil2D_SST_68.986_13.466_0.899_4.541_1.0_16.072,4451241.445286624,13.466000000000001,0.899,16.072,False,True,1.389141483334836,0.006642856091642835,1.3856817563689252,0.019687400906834025,0.003459726965910681,0.01304454481519119
airFoil2D_SST_65.06_-3.318_2.843_6.991_1.0_16.477,4197920.859744698,-3.318,2.843,16.477,False,True,-0.07724434054292242,0.006305648383680862,-0.06297482637375229,0.009676535546567744,0.014269514169170133,0.0033708871628868823
airFoil2D_SST_31.283_-4.156_0.919_6.98_14.32,2018499.204663286,-4.156,0.919,14.32,False,True,-0.2761359066394891,-0.04052405145988369,-0.3210462480473065,0.010637395163993677,0.04491034140781741,0.051161446623877366
airFoil2D_SST_82.994_-4.284_3.687_6.637_16.903,5355091.35926301,-4.284,3.687,16.903,False,True,-0.14397382459419147,-0.004571316745100029,-0.007012898877135528,0.00976156255495715,0.13696092571705595,0.014332879300057179
airFoil2D_SST_33.941_-4.025_1.706_6.295_1.0_12.199,2190003.5644112327,-4.025,1.706,12.199,False,True,-0.24591036250674192,-0.05407845238617193,-0.26915262206636376,0.009948133399086227,0.023242259559621836,0.06402658578525816
airFoil2D_SST_33.312_-4.457_1.296_2.993_5.575,2149418.070701128,-4.457,1.296,5.575,False,True,-0.2794566377639943,-0.05599745347513713,-0.353711079434777,0.009332218542337132,0.07425444167078266,0.06532967201747426
airFoil2D_SST_46.842_14.504_3.791_3.968_1.0_14.833,3022425.59041133,14.504000000000001,3.791,14.833,False,True,1.5948330454771311,0.02712109371512858,1.5838771843223014,0.02965910113718168,0.010955861154829716,0.002538007422053099
airFoil2D_SST_49.984_-2.893_6.476_5.264_10.903,3225159.4874497233,-2.893,6.476,10.903,False,True,0.13037891560914483,0.01886562245493685,0.4434661820802991,0.009875979780233995,0.31308726647115426,0.008989642674702855
airFoil2D_SST_82.661_14.383_6.242_0.0_18.337,5333604.921416485,14.382999999999997,6.242,18.337,False,True,1.8049204669705756,-0.024317743945638792,1.3701632483702122,0.02114497445523413,0.4347572186003634,0.04546271840087292
airFoil2D_SST_82.347_-2.636_3.96_7.529_1.0_16.424,5313344.43648012,-2.636,3.96,16.424,False,True,0.04493388829549144,0.0059197502113150224,0.14202962131833158,0.009424534392388441,0.09709573302284014,0.003504784181073419
airFoil2D_SST_56.617_14.528_4.873_2.075_15.499,3653146.100771066,14.528000000000002,4.873,15.499,False,True,1.623016994287834,0.07405395659154416,1.6917936255842223,0.03372050215222699,0.06877663129638822,0.04033345443931718
airFoil2D_SST_66.429_-4.065_2.746_2.152_12.616,4286253.99311375,-4.065,2.746,12.616,False,True,-0.12798033640267528,-0.03580054832799312,-0.17407851925052376,0.008947194981902782,0.04609818284784847,0.0447477433098959
airFoil2D_SST_74.512_-3.081_1.627_0.0_10.847,4807800.170631678,-3.0810000000000004,1.627,10.847,False,True,-0.18103151169348491,-0.014368944602206168,-0.3375137370731509,0.008389324754085999,0.156482225379666,0.022758269356292167
airFoil2D_SST_73.661_-3.779_0.123_6.621_1.0_9.039,4752890.385023889,-3.7790000000000004,0.123,9.039,False,True,-0.37106264660452726,-0.029947613077680735,-0.40400209067719683,0.008267995844890647,0.03293944407266958,0.03821560892257138
airFoil2D_SST_71.41_-4.21_6.341_3.332_13.452,4607647.227088363,-4.21,6.341,13.452,False,True,0.12119185290270873,0.0013190969528315832,0.1887361273418061,0.009514903035474313,0.06754427443909736,0.00819580608264273
airFoil2D_SST_88.719_12.609_5.172_0.0_11.439,5724490.328246078,12.608999999999998,5.172,11.439,False,True,1.637808716121338,0.010343300216412374,1.3154532628932878,0.016149323127131066,0.32235545322805015,0.005806022910718692
airFoil2D_SST_38.274_12.815_1.091_3.782_1.0_13.709,2469585.351765579,12.814999999999998,1.091,13.709,False,True,1.3387935775294542,0.03786213382148604,1.3481449390508347,0.01985839208220253,0.009351361521380497,0.01800374173928351
airFoil2D_SST_82.556_12.657_2.173_0.0_9.256,5326829.918491904,12.657,2.173,9.256,False,True,1.4809785416013261,0.02017131118510429,1.3166858877326209,0.01741112999858757,0.16429265386870529,0.002760181186516719
airFoil2D_SST_34.136_14.393_2.103_3.685_0.0_6.065,2202585.7126997393,14.393,2.103,6.065,False,True,1.7420881358220996,-0.00926013041943663,1.502096018726363,0.034586443344739246,0.23999211709573665,0.043846573764175875
airFoil2D_SST_93.089_12.908_2.088_0.0_19.906,6006459.4975833725,12.908000000000001,2.088,19.906,False,True,1.5108507729602918,0.02001798067530755,1.2319760699071982,0.0180614582656937,0.2788747030530936,0.001956522409613852
airFoil2D_SST_57.178_13.397_0.444_6.145_1.0_18.142,3689343.9735395378,13.397,0.444,18.142,False,True,1.3363589624649324,0.06370883531616164,1.302275667785467,0.020947870013946383,0.03408329467946536,0.042760965302215265
airFoil2D_SST_84.896_14.926_3.517_6.921_0.0_11.998,5477815.6979539795,14.926,3.517,11.998,False,True,1.758185522705578,0.07074613691796083,1.7411250814485846,0.02727479599003671,0.017060441256993464,0.043471340927924124
airFoil2D_SST_37.191_-4.384_1.742_3.249_0.0_5.697,2399706.035886337,-4.384,1.742,5.697,False,True,-0.22197642236369142,-0.05607923364106576,-0.3303033180784979,0.034604419603285516,0.10832689571480647,0.09068365324435128
airFoil2D_SST_72.639_13.978_3.689_7.041_0.0_9.686,4686947.023224641,13.978000000000002,3.689,9.686,False,True,1.6639072638350032,0.08777914309054319,1.7285249380949224,0.023528273828878274,0.06461767425991916,0.06425086926166491
airFoil2D_SST_54.627_14.036_4.031_1.872_5.46,3524743.664390926,14.036000000000001,4.031,5.46,False,True,1.8214287907581057,0.0924090283616974,1.724126914019043,0.02798727753054369,0.09730187673906276,0.0644217508311537
airFoil2D_SST_92.418_-2.561_3.694_3.098_0.0_17.74,5963164.002703436,-2.561,3.694,17.74,False,True,0.016105377004172305,0.028964082892230125,-0.034042053990460404,0.009210697516394618,0.05014743099463271,0.019753385375835507
airFoil2D_SST_62.776_-4.125_2.652_5.747_13.969,4050548.4151757327,-4.125,2.652,13.969,False,True,-0.1369201753234301,-0.039295917837056965,-0.12953839387035732,0.009342956124100778,0.007381781453072778,0.04863887396115774
airFoil2D_SST_47.547_-3.5_0.651_6.733_1.0_10.634,3067914.8957620836,-3.5,0.651,10.634,False,True,-0.265171355328308,-0.00907410157611463,-0.3157457140196489,0.009046197833549957,0.050574358691340915,0.018120299409664586
airFoil2D_SST_54.044_-3.96_5.045_5.841_16.627,3487126.267200161,-3.96,5.045,16.627,False,True,0.047455664182570356,-0.04048630618733215,0.14263142041016166,0.010676661859075464,0.09517575622759131,0.05116296804640762
airFoil2D_SST_37.572_14.235_3.712_0.0_9.577,2424289.6179269566,14.235,3.712,9.577,False,True,1.7100297221672762,0.028713671014918937,1.4033519570361408,0.025337360681916853,0.3066777651311354,0.0033763103330020847
airFoil2D_SST_81.092_14.391_2.15_1.586_6.867,5232367.020572042,14.391,2.15,6.867,False,True,1.6860183028539641,0.04750810601667557,1.629171640826004,0.0244388949714428,0.05684666202796018,0.02306921104523277
airFoil2D_SST_35.32_-4.403_1.396_0.0_5.379,2278981.9361540535,-4.403,1.396,5.379,False,True,-0.26244906156864867,-0.0520426048344928,-0.480263142751544,0.009195334491356486,0.21781408118289536,0.06123793932584928
airFoil2D_SST_50.118_-3.017_4.74_5.965_8.22,3233805.6816582354,-3.017,4.74,8.22,False,True,0.10231003794909144,-0.0064508979032930625,0.2831219966220005,0.00883273262256923,0.18081195867290906,0.015283630525862292
airFoil2D_SST_58.945_14.697_1.795_6.498_0.0_6.526,3803357.5941846175,14.697,1.795,6.526,False,True,1.7078419044358537,0.024905140625548744,1.557471603963953,0.03224097272046045,0.1503703004719008,0.007335832094911704
airFoil2D_SST_46.008_13.774_3.157_0.0_18.653,2968612.7100389497,13.774,3.157,18.653,False,True,1.447813155715456,0.04441010671935108,1.274427869854094,0.022571926602326063,0.17338528586136204,0.02183818011702502
airFoil2D_SST_64.695_-2.753_1.08_5.748_1.0_15.779,4174369.659102109,-2.753,1.08,15.779,False,True,-0.14839785336878736,0.00828063425021261,-0.19317107279803936,0.00943550374914394,0.044773219429252,0.0011548694989313296
airFoil2D_SST_67.031_-3.114_4.457_3.72_13.339,4325097.343214677,-3.114,4.457,13.339,False,True,0.07377913819862764,-0.019649011398812394,0.12666143832058227,0.009115951620237794,0.052882300121954634,0.02876496301905019
airFoil2D_SST_60.574_12.746_4.712_0.0_9.696,3908466.9252716773,12.746,4.712,9.696,False,True,1.6026998413306792,0.06553324061303634,1.3161484503378182,0.018376858602755522,0.286551390992861,0.047156382010280815
airFoil2D_SST_37.655_12.984_3.731_6.149_0.0_7.245,2429645.0964292437,12.984,3.731,7.245,False,True,1.6833525950909156,0.0030501468529967324,1.6268830623935853,0.023101484736094996,0.05646953269733035,0.020051337883098264
airFoil2D_SST_71.139_-4.429_2.189_4.398_0.0_9.674,4590161.267159208,-4.429,2.189,9.674,False,True,-0.2030199832425704,-0.03850806068395213,-0.3152264229212671,0.008574114860961593,0.11220643967869673,0.04708217554491372
airFoil2D_SST_79.12_-4.598_3.639_5.917_1.0_11.209,5105126.013264687,-4.598,3.639,11.209,False,True,-0.1047939102098283,-0.025440551996757654,-0.16171608734410076,0.00877653670063819,0.05692217713427246,0.03421708869739584
airFoil2D_SST_42.847_13.708_0.655_3.944_0.0_7.77,2764652.8600903945,13.708,0.655,7.77,False,True,1.4685208807849628,0.012189129060324155,1.4115241874566336,0.024849391937186348,0.05699669332832924,0.012660262876862192
airFoil2D_SST_41.343_-4.157_6.892_0.0_19.804,2667609.0086754547,-4.156999999999999,6.892,19.804,False,True,0.07426998410287244,0.025145345136526984,-0.3955182514550813,0.011770915215406344,0.46978823555795374,0.01337442992112064
airFoil2D_SST_77.868_-3.245_2.401_5.584_14.959,5024342.168868738,-3.245,2.401,14.959,False,True,-0.15313116217811862,0.006330048619606454,-0.07020719337206859,0.009056979089401136,0.08292396880605003,0.0027269304697946813
airFoil2D_SST_70.549_13.375_5.216_6.246_9.248,4552092.203106805,13.375,5.216,9.248,False,True,1.6942525001929154,0.08675603217882588,1.8501111532331644,0.02686298219010116,0.15585865304024904,0.05989304998872472
airFoil2D_SST_35.445_12.572_6.569_0.0_16.397,2287047.415826173,12.572,6.569,16.397,False,True,1.5040368196881377,0.08367199432964151,1.226105922256495,0.01959559780206028,0.2779308974316428,0.06407639652758124
airFoil2D_SST_67.008_13.306_3.272_4.7_1.0_9.313,4323613.294955006,13.306,3.272,9.313,False,True,1.5708199200833497,0.06260858965674576,1.6099772395043124,0.019914980034822876,0.03915731942096268,0.04269360962192288
airFoil2D_SST_36.077_-4.685_0.316_7.601_1.0_18.579,2327826.4810484084,-4.685,0.316,18.579,False,True,-0.3205966094642699,0.038014275507069706,-0.4319538091736941,0.011811954503183814,0.1113571997094242,0.026202321003885892
airFoil2D_SST_65.558_-4.521_1.33_4.53_1.0_5.632,4230053.730758422,-4.521,1.33,5.632,False,True,-0.17904211513212476,-0.03664946517961504,-0.39193596905275424,0.00844219506163365,0.21289385392062948,0.045091660241248686
airFoil2D_SST_89.479_-2.819_1.109_6.283_0.0_13.67,5773528.444652564,-2.819,1.109,13.67,False,True,-0.237779509337974,0.013310756645111457,-0.1977228063459291,0.008510485185572896,0.04005670299204492,0.004800271459538562
airFoil2D_SST_52.943_12.506_0.164_5.878_10.024,3416085.522248133,12.506000000000002,0.164,10.024,False,True,1.3062232284064987,0.018315493296775148,1.3082762386102484,0.018101556795263846,0.0020530102037497056,0.0002139365015113026
airFoil2D_SST_67.498_14.643_0.841_7.067_0.0_13.214,4355229.975269714,14.643,0.841,13.214,False,True,1.533402178720774,0.0458483129682703,1.5158391427403493,0.022323033566089716,0.017563035980424635,0.023525279402180584
airFoil2D_SST_34.973_-4.736_2.29_6.323_9.19,2256592.16458425,-4.736000000000001,2.29,9.19,False,True,-0.23990505818824007,-0.08317811318423896,-0.21215042828235955,0.009490420666325352,0.027754629905880512,0.09266853385056431
airFoil2D_SST_72.411_-3.127_0.637_0.0_9.894,4672235.588302695,-3.127,0.637,9.894,False,True,-0.276926642030765,-0.021298891841014883,-0.3440615804905944,0.008272815381319208,0.06713493845982937,0.02957170722233409
airFoil2D_SST_52.95_-3.473_0.434_3.418_1.0_5.738,3416537.189109772,-3.473,0.434,5.738,False,True,-0.23538275880348888,-0.05223387432013904,-0.35272409183806813,0.008174090823707583,0.11734133303457925,0.06040796514384662
airFoil2D_SST_31.534_-3.342_0.303_3.977_17.149,2034694.6878449016,-3.342,0.303,17.149,False,True,-0.22480103300383047,-0.018512145642832767,-0.30971797652463057,0.011212784740578545,0.08491694352080009,0.029724930383411313
airFoil2D_SST_35.399_-4.028_4.452_4.653_5.733,2284079.319306833,-4.028,4.452,5.733,False,True,-0.05756476748837383,-0.03227709637301321,0.07075808676007661,0.00913067989737604,0.12832285424845044,0.041407776270389246
airFoil2D_SST_44.775_13.681_6.843_0.0_15.993,2889054.818553164,13.681000000000001,6.843,15.993,False,True,1.5980570483325225,0.06551390524137644,1.3270938505966403,0.021131782350683234,0.2709631977358822,0.04438212289069321
airFoil2D_SST_85.115_-4.81_3.676_7.354_0.0_15.329,5491946.418339532,-4.809999999999999,3.676,15.329,False,True,-0.20425601145115146,0.009466093881096593,-0.12316849170482178,0.009316410097551681,0.08108751974632969,0.0001496837835449124
airFoil2D_SST_82.69_13.821_0.975_6.331_1.0_16.192,5335476.112700416,13.821,0.975,16.192,False,True,1.4804836936391363,0.017327331207624502,1.4351449632681903,0.020128149714223484,0.045338730370946045,0.0028008185065989816
airFoil2D_SST_53.356_13.677_4.715_4.855_9.085,3442733.8670848156,13.677,4.715,9.085,False,True,1.7119389542897276,0.06497772706731864,1.779175518088569,0.026456039080634052,0.06723656379884146,0.03852168798668458
airFoil2D_SST_37.804_-3.618_1.043_5.557_0.0_6.776,2439259.1481984104,-3.6180000000000003,1.043,6.776,False,True,-0.24366811323390325,-0.0507940615095368,-0.3037818810318272,0.008824781003397682,0.060113767797923934,0.059618842512934485
airFoil2D_SST_52.817_14.522_2.694_4.264_1.0_15.419,3407955.5187386367,14.522000000000002,2.694,15.419,False,True,1.5549823071225377,0.02111081512311294,1.5394084207483303,0.02694913807405767,0.015573886374207424,0.005838322950944729
airFoil2D_SST_33.137_-2.653_2.78_5.876_1.0_14.328,2138126.3991601607,-2.653,2.78,14.328,False,True,-0.040728891227074376,0.008180275326829828,-0.029582306892610936,0.010203054695698164,0.01114658433446344,0.0020227793688683358
airFoil2D_SST_39.741_14.642_3.175_3.316_1.0_10.583,2564241.821197572,14.642,3.175,10.583,False,True,1.6882869581157387,0.035093993587856614,1.6186524132539946,0.02643126227915171,0.06963454486174414,0.008662731308704905
airFoil2D_SST_65.202_-3.411_1.499_5.063_12.467,4207083.244652226,-3.411,1.499,12.467,False,True,-0.16785441294261744,-0.022049942804431122,-0.19764248529296866,0.00883371503692448,0.02978807235035122,0.0308836578413556
airFoil2D_SST_58.451_-4.262_3.372_4.615_1.0_19.965,3771482.818520402,-4.262,3.372,19.965,False,True,-0.03748001857740069,0.03087958538461369,-0.16590688797902234,0.01074564112940253,0.12842686940162165,0.02013394425521116
airFoil2D_SST_86.75_14.13_0.471_5.71_17.904,5597442.892450854,14.13,0.471,17.904,False,True,1.4988857307090848,0.0032939898711363547,1.3993187689825302,0.020656410886078436,0.09956696172655466,0.01736242101494208
airFoil2D_SST_33.33_14.375_1.036_3.451_12.655,2150579.499773913,14.375,1.036,12.655,False,True,1.4910198500529406,0.032783339059780245,1.4776413535658712,0.024938597485328024,0.013378496487069347,0.00784474157445222
airFoil2D_SST_88.307_-4.328_3.461_7.533_0.0_15.226,5697906.507246773,-4.328,3.461,15.226,False,True,-0.18669668167845715,0.009877276784451605,-0.08846656845944618,0.009127264805587218,0.09823011321901097,0.0007500119788643872
airFoil2D_SST_56.549_-4.731_1.476_6.357_0.0_17.547,3648758.4798294334,-4.731,1.476,17.547,False,True,-0.23967034112451752,0.05783192846837329,-0.34684877244209344,0.010488057997805188,0.10717843131757593,0.0473438704705681
airFoil2D_SST_56.39_-3.195_4.964_2.726_18.605,3638499.189686497,-3.195,4.964,18.605,False,True,0.10570841656835611,-0.011219632137769914,0.11744619717115572,0.01061574981191761,0.011737780602799605,0.021835381949687524
airFoil2D_SST_90.415_14.684_4.356_6.209_11.299,5833922.756437395,14.684,4.356,11.299,False,True,1.8099437056236591,0.03272202424209564,1.8630516751649697,0.027716748905422594,0.053107969541310585,0.005005275336673044
airFoil2D_SST_59.266_-3.994_5.206_2.719_14.894,3824069.74598262,-3.9940000000000007,5.206,14.894,False,True,0.06275696701113914,-0.05512715739005081,0.07556307640893335,0.009789436976781236,0.01280610939779421,0.06491659436683204
airFoil2D_SST_43.705_13.408_1.172_7.422_1.0_10.039,2820014.312559822,13.407999999999998,1.172,10.039,False,True,1.459058123774169,0.00936857634100767,1.4647353566222605,0.021273732050580963,0.005677232848091407,0.011905155709573293
airFoil2D_SST_70.983_-3.536_6.368_0.0_7.157,4580095.548528403,-3.536,6.368,7.157,False,True,0.1759428503186513,-0.01898095998168614,-0.3885173571525196,0.007968847084915534,0.5644602074711709,0.026949807066601675
airFoil2D_SST_40.386_12.852_6.446_2.175_5.908,2605859.6963057085,12.852000000000002,6.446,5.908,False,True,1.8616542993064038,0.07363349843825118,1.8354005379760252,0.025333411745549993,0.0262537613303786,0.04830008669270118
airFoil2D_SST_32.432_14.036_6.578_2.722_5.928,2092637.0938094074,14.036000000000001,6.578,5.928,False,True,2.0056544994994168,0.0685138474705304,1.846978116628546,0.03541012526439477,0.15867638287087082,0.033103722206135625
airFoil2D_SST_92.85_-3.031_6.083_2.008_9.267,5991038.300450279,-3.031,6.083,9.267,False,True,0.20983923461068182,0.005103097184024297,0.2651654958810041,0.0086081117660479,0.05532626127032225,0.0035050145820236037
airFoil2D_SST_64.12_14.249_1.383_3.978_16.037,4137268.4526103605,14.249,1.383,16.037,False,True,1.4734099215791698,0.02067464364571031,1.4850138629920893,0.02301269040848752,0.011603941412919427,0.0023380467627772093
airFoil2D_SST_86.166_13.513_6.09_3.38_7.324,5559760.971422712,13.513,6.09,7.324,False,True,1.8555192169207144,0.07144941651724426,1.8932697073300548,0.02422608925555221,0.03775049040934042,0.04722332726169205
airFoil2D_SST_76.324_13.23_3.356_4.179_0.0_6.321,4924717.36395872,13.23,3.356,6.321,False,True,1.6460566474703717,0.03542236421770982,1.60000075168773,0.02010710118118995,0.0460558957826418,0.01531526303651987
airFoil2D_SST_59.682_-3.433_2.583_6.336_0.0_19.86,3850911.6623314335,-3.4329999999999994,2.583,19.86,False,True,-0.027598735912619854,0.05820897422328827,-0.10940840457134549,0.010618621449551604,0.08180966865872563,0.04759035277373667
airFoil2D_SST_81.138_14.286_2.69_1.944_10.511,5235335.117091382,14.286,2.69,10.511,False,True,1.6398650483854815,0.06463757749247326,1.6735371890849742,0.021661508736080616,0.03367214069949265,0.04297606875639264
airFoil2D_SST_82.474_-3.457_1.866_7.496_0.0_16.213,5321538.963826994,-3.457,1.866,16.213,False,True,-0.21749131140811936,0.015491211672001154,-0.16635929000831523,0.009225795515521698,0.051132021399804134,0.0062654161564794555
airFoil2D_SST_59.225_-4.585_3.966_4.454_18.289,3821424.2686501653,-4.584999999999999,3.966,18.289,False,True,-0.052859099944580185,0.005821636277569819,-0.08822781182057336,0.010564327134046887,0.03536871187599318,0.004742690856477067
airFoil2D_SST_61.642_14.277_1.498_5.176_0.0_16.386,3977378.3835902656,14.277,1.498,16.386,False,True,1.471094759797105,0.024857054599608464,1.4643556864828562,0.023744364846893563,0.0067390733142487225,0.0011126897527149009
airFoil2D_SST_59.921_-3.747_1.144_3.005_1.0_6.322,3866332.8594645257,-3.7469999999999994,1.144,6.322,False,True,-0.1792567112802538,-0.030789837463252145,-0.3410087959935817,0.008200578578148113,0.1617520847133279,0.03899041604140026
airFoil2D_SST_84.137_13.126_3.096_3.725_0.0_14.021,5428842.10538487,13.125999999999998,3.096,14.021,False,True,1.5371447020011046,0.03612581249408585,1.5275542542105662,0.019379864821361524,0.009590447790538414,0.016745947672724325
airFoil2D_SST_75.101_-3.321_6.728_6.938_17.749,4845804.710846704,-3.3210000000000006,6.728,17.749,False,True,0.1565153320444992,-0.022323267569402477,0.43269135618280047,0.012586596849565854,0.2761760241383013,0.03490986441896833
airFoil2D_SST_39.497_-4.94_0.473_3.219_1.0_16.447,2548498.004877595,-4.94,0.473,16.447,False,True,-0.3572035760581392,0.023451772811992525,-0.4783183629814425,0.011147155550386038,0.1211147869233033,0.012304617261606487
airFoil2D_SST_81.115_-3.901_4.771_2.338_11.129,5233851.068831712,-3.901,4.771,11.129,False,True,0.002164051285441393,0.01257620173814894,0.04609203074438224,0.008619277966200182,0.04392797945894085,0.003956923771948758
airFoil2D_SST_78.501_14.686_1.641_0.0_17.637,5065185.757928352,14.686,1.641,17.637,False,True,1.5848072158062927,0.009978538883245597,1.3936157025459666,0.02183047387671666,0.19119151326032613,0.011851934993471064
airFoil2D_SST_58.859_13.222_0.658_5.498_17.478,3797808.5441701994,13.222,0.658,17.478,False,True,1.3248840033419798,0.04688440187357265,1.3337519434546852,0.02027285396153184,0.00886794011270542,0.02661154791204081
airFoil2D_SST_46.153_14.283_2.481_0.0_17.366,2977968.666458608,14.283,2.481,17.366,False,True,1.4909509150744622,0.05649473354983364,1.3355848556621455,0.023275724599918723,0.15536605941231674,0.03321900894991492
airFoil2D_SST_47.017_-4.369_4.85_6.296_6.401,3033717.2619522978,-4.369,4.85,6.401,False,True,-0.02272778531667477,-0.005180191534768924,0.17723704844491692,0.00886234441486268,0.1999648337615917,0.014042535949631604
airFoil2D_SST_35.44_14.039_5.196_1.691_9.27,2286724.7966392883,14.039,5.196,9.27,False,True,1.7722372845625372,0.028962264868152246,1.787724243203866,0.028608091601864158,0.015486958641328874,0.0003541732662880881
airFoil2D_SST_83.38_-2.726_5.005_0.0_14.408,5379997.560490515,-2.726,5.005,14.408,False,True,0.10396737397506833,0.004256913226456743,-0.2891747545875893,0.00883096727428413,0.3931421285626576,0.004574054047827387
airFoil2D_SST_44.227_-4.876_2.759_4.844_17.236,2853695.7556705927,-4.876,2.759,17.236,False,True,-0.18009379975640022,0.04759419526911984,-0.22707977658210715,0.010850476193810197,0.04698597682570693,0.03674371907530965
airFoil2D_SST_82.21_13.462_0.176_6.355_0.0_12.645,5304504.670759478,13.462,0.176,12.645,False,True,1.4397864120595218,0.00707362290443278,1.3898379999683868,0.01793109450436929,0.0499484120911351,0.01085747159993651
airFoil2D_SST_40.539_-2.945_3.79_7.613_1.0_16.903,2615731.8434243826,-2.9450000000000003,3.79,16.903,False,True,0.0028858806720394037,0.03992503170830497,0.08598602810691515,0.010720389980243845,0.08310014743487575,0.029204641728061125
airFoil2D_SST_58.038_-4.278_2.807_7.062_1.0_8.833,3744834.473683719,-4.278,2.807,8.833,False,True,-0.06581033848432236,-0.021929832927467724,-0.17306727236969188,0.008704267854461822,0.10725693388536953,0.030634100781929546
airFoil2D_SST_54.799_-2.718_5.872_6.096_7.675,3535841.764419762,-2.718,5.872,7.675,False,True,0.13790846153166214,0.006880846153288517,0.4703285894713772,0.009060563808597773,0.33242012793971504,0.002179717655309256
airFoil2D_SST_49.099_14.068_3.006_4.916_1.0_11.985,3168055.8913711174,14.068,3.006,11.985,False,True,1.5872112171238755,0.04128716812550806,1.6042141695852656,0.024112162651181768,0.017002952461390164,0.017175005474326294
airFoil2D_SST_59.56_-4.362_1.048_5.664_1.0_18.157,3843039.754171445,-4.362,1.048,18.157,False,True,-0.23368803075944028,0.05881807630412075,-0.35197946374057953,0.010497531918079565,0.11829143298113926,0.04832054438604119
