task,param,err_cl,err_cd,out_of_envelope,side
aoa,0.864,0.105788105853865,0.00927582884912902,False,in
aoa,-0.765,0.04582107996494489,0.01784642774688516,False,in
aoa,10.949999999999998,0.002185175978962839,0.00102213999479615,False,in
aoa,-0.131,0.03350416827306824,0.010923294473187094,False,in
aoa,3.9630000000000005,0.6048828669495088,0.021391126242983307,False,in
aoa,-0.442,0.05181578029325236,0.001292830308138664,False,in
aoa,11.839,0.3355496934457236,0.05094457978510504,False,in
aoa,7.06,0.05780872385318769,0.018947237798530917,False,in
aoa,8.609,0.0998055536861786,0.016021183444492507,False,in
aoa,6.299,0.02480029992095978,0.025537714102437135,False,in
aoa,11.605,0.04412247798585178,0.01639024145356813,False,in
aoa,2.212,0.04538134863247778,0.01654283062650683,False,in
aoa,0.424,0.0653576559805588,0.005121977226158498,False,in
aoa,-1.964,0.19363061511989682,0.017398214304228915,False,in
aoa,10.66,0.05987260859948318,0.01730069229385582,False,in
aoa,7.603,0.0112612080728548,0.00993167675031938,False,in
aoa,2.842,0.08932375747968191,0.024190547731804207,False,in
aoa,2.442,0.041438180630406884,0.00042525394679237844,False,in
aoa,1.7430000000000003,0.011529519218523687,0.02889911786393505,False,in
aoa,3.5950000000000006,0.002763233947920274,0.025468884070520052,False,in
aoa,-0.5419999999999999,0.04155297153358549,0.011090368027973493,False,in
aoa,9.03,0.030102342385893932,0.023391283798937113,False,in
aoa,-0.311,0.052218948371270224,0.0010013231901606495,False,in
aoa,1.2180000000000002,0.02647008985431376,0.0018662111625725696,False,in
aoa,11.823,0.06693314601179678,0.03587772984044643,False,in
aoa,0.582,0.04599176089862711,0.021577839646870326,False,in
aoa,-0.567,0.041496098221866784,0.019281612173455497,False,in
aoa,1.334,0.14815277965919438,0.019515589482622164,False,in
aoa,0.584,0.0029158198820380676,0.007767613213460568,False,in
aoa,-2.434,0.022197240298176088,0.032886541385196574,False,in
aoa,-0.434,0.13554273972658443,0.04210883095440503,False,in
aoa,11.743,0.08205838632907314,0.0007558391800236257,False,in
aoa,6.668000000000001,0.08388470123083291,0.04878107798434825,False,in
aoa,-1.002,0.040608490339474036,0.012542359365324577,False,in
aoa,6.877000000000001,0.10722766638204151,0.013513712552593447,False,in
aoa,6.598,0.017644422588300346,0.00843647971527316,False,in
aoa,1.751,0.018628760510677633,0.028386987990133176,False,in
aoa,11.028,0.043797225505923576,0.0034739020302859865,False,in
aoa,11.946,0.10557890973108752,0.011435420965357084,False,in
aoa,0.24899999999999997,0.004577926864957588,0.015816465624800873,False,in
aoa,7.244999999999999,0.06026915163044477,0.01037954746630847,False,in
aoa,5.949999999999999,0.0030461699477806192,0.021396964468786903,False,in
aoa,4.133,0.10928951433605705,0.00014905044926629557,False,in
aoa,5.758,0.036960229500931585,0.011000824530632482,False,in
aoa,2.809,0.1154207598147885,0.013497074917817462,False,in
aoa,8.203,0.06623678829432222,0.0044160541740872,False,in
aoa,-2.087,0.045606053767273225,0.010520143946374036,False,in
aoa,5.449,0.05074460010751458,8.062089930145448e-05,False,in
aoa,8.541,0.05544738546558525,0.030145867796279282,False,in
aoa,5.835,0.02028132182335618,0.009504093705904038,False,in
aoa,3.639,0.11437101355106583,0.008985041300446285,False,in
aoa,10.071,0.1049103522304714,0.0038201709785966164,False,in
aoa,7.986,0.08683761779048726,0.014972932854318218,False,in
aoa,1.0460000000000003,0.0470271303871187,0.030118359852587685,False,in
aoa,8.99,0.011471186905724906,0.016320409953147083,False,in
aoa,10.442,0.07953599062338479,0.021620160221466445,False,in
aoa,6.792,0.3053036733146475,0.00924836734042655,False,in
aoa,10.067,0.17665799124492376,0.004723434838847861,False,in
aoa,-0.327,0.00385348592580205,0.010086525206030202,False,in
aoa,5.582,0.009042097303403773,0.018801819651371208,False,in
aoa,-1.102,0.10321862861831757,0.014448129446322046,False,in
aoa,4.848,0.312186845335517,0.027365535154096367,False,in
aoa,5.975,0.20923919453032835,0.0008539499298222918,False,in
aoa,11.065,0.03593174770292262,0.0011419037985449902,False,in
aoa,6.699,0.09012227110109372,0.009800554444985038,False,in
aoa,11.377,0.09422909061587847,0.008112845437586197,False,in
aoa,11.308,0.3073614185425959,0.004645776404356806,False,in
aoa,-0.902,0.0024398115957199873,0.002426566454852022,False,in
aoa,7.499999999999999,0.29289919571623935,0.005084062295527004,False,in
aoa,-2.041,0.0747021308353091,0.017598087112490557,False,in
aoa,5.826,0.17745435424651856,0.008864213411831131,False,in
aoa,6.2669999999999995,0.21024451718251091,0.03878760669817141,False,in
aoa,2.679,0.3213072707722062,0.033271942349006094,False,in
aoa,5.16,0.00577742088189348,0.029753382838031618,False,in
aoa,11.271000000000003,0.020342679431998745,0.006829705040129714,False,in
aoa,3.827,0.0046398226245206176,0.0020026501708844437,False,in
aoa,8.341000000000001,0.32468702934391813,0.008935662984162774,False,in
aoa,6.747999999999999,0.011946843518168326,0.04792898831506126,False,in
aoa,-0.17000000000000004,0.35928440123662814,0.0006797588136541865,False,in
aoa,1.702,0.03903782881651521,0.04130654272544764,False,in
aoa,7.787,0.06416963776967877,0.00031445356870055813,False,in
aoa,11.031000000000002,0.040768672501159786,0.021786841560647446,False,in
aoa,3.144,0.03010584060565169,0.003986524300643621,False,in
aoa,4.447,0.06460184319464468,0.0026350310025941327,False,in
aoa,7.572000000000001,0.13387560062469928,0.005558658512382613,False,in
aoa,0.913,0.03126092703514305,0.01889063760340065,False,in
aoa,4.936,0.08198721683439603,0.0003961856343375498,False,in
aoa,10.55,0.034440872501674935,0.011743594051299107,False,in
aoa,6.781,0.0515064488624043,0.013998612052405546,False,in
aoa,1.344,0.022530904334766927,0.017702281291921914,False,in
aoa,-1.2879999999999998,0.001594294196476137,0.004380302673170985,False,in
aoa,2.558,0.013073802421640357,0.016931292649173174,False,in
aoa,8.143,0.09863005365009259,0.0020847506203419373,False,in
aoa,5.756,0.14821300499379664,0.03182929293936964,False,in
aoa,1.736,0.014805663991200202,0.0010469167334132713,False,in
aoa,9.999,0.10246523636002469,0.0005358807667699729,False,in
aoa,8.365,0.029310883073676797,0.007366073839839244,False,in
aoa,4.292,0.00442940397977748,0.020878593924847942,False,in
aoa,6.813,0.02317241805583825,0.02399519232987779,False,in
aoa,5.274,0.30512219376560323,0.01820926781594943,False,in
aoa,1.874,0.023534361429589645,0.042567306195156564,False,in
aoa,0.8939999999999999,0.0226898367181326,0.0018221635347601042,False,in
aoa,6.027999999999999,0.05560381023952932,0.001856701919474445,False,in
aoa,5.376,0.009468861829136643,0.042679223832916016,False,in
aoa,-1.898,0.048304887863955426,0.032147476803563196,False,in
aoa,0.309,0.4019651601629982,0.05124230643923362,False,in
aoa,8.905,0.18610504585082155,0.00789972279993497,False,in
aoa,5.626,0.048382507325421154,0.02480861860080953,False,in
aoa,-0.857,0.016754368274688194,0.007524808486258498,False,in
aoa,3.538,0.12133091237553173,0.01994754135327598,False,in
aoa,11.15,0.012460349905037749,0.004961945081085158,False,in
aoa,9.129,0.05199307727661928,0.009259282052675169,False,in
aoa,9.692999999999998,0.020778627616377943,0.005782109527641636,False,in
aoa,10.644,0.05117025972387235,0.008563191605357122,False,in
aoa,8.94,0.054031119811009054,0.007973479203379128,False,in
aoa,6.785,0.17573227985478201,0.031647351953360714,False,in
aoa,0.714,0.0976714749458428,0.02915676723302132,False,in
aoa,3.422,0.04505286449655549,0.01816726507347366,False,in
aoa,2.6869999999999994,0.0370675248121769,0.030279047310544142,False,in
aoa,8.67,0.07222955200310455,0.012887893517216413,False,in
aoa,4.93,0.1910845058051478,0.004996941446509598,False,in
aoa,6.814,0.3221009712170875,0.0316158163655663,False,in
aoa,-0.9529999999999998,0.05834735687537643,0.019010543417606926,False,in
aoa,4.703,0.031649116997258586,0.006470067346844188,False,in
aoa,6.848999999999999,0.3311421429285525,0.013866417318367574,False,in
aoa,12.253,0.005438593668824376,0.013720401957805613,False,in
aoa,6.628000000000001,0.021391300765851717,0.003919281372260693,False,in
aoa,-1.557,0.023266914059139554,0.0029776540569233442,False,in
aoa,-0.293,0.0029759077912127896,0.022052378946577054,False,in
aoa,3.443,0.10283444878815584,0.024350543416624782,False,in
aoa,6.200999999999999,0.20261370784247545,0.04050383340834325,False,in
aoa,6.161,0.22587359685502573,0.0023023351900780947,False,in
aoa,-0.154,0.08427204262424165,0.015448796267428682,False,in
aoa,9.398,0.009860981600693375,0.019282026444530354,False,in
aoa,11.678,0.2653061998631632,0.012879167135658641,False,in
aoa,11.624000000000002,0.06219839202572941,0.014000853023817938,False,in
aoa,9.415,0.03833051081693162,0.01806233929428748,False,in
aoa,7.313999999999999,0.1625589569380641,0.0221186838606076,False,in
aoa,-1.934,0.4333540322066016,0.013641237156073426,False,in
aoa,1.309,0.04391139213061568,0.0069836990951143655,False,in
aoa,5.144,0.035073992792473696,0.02774017254236274,False,in
aoa,-0.053,0.04054505288190979,0.017559872648053927,False,in
aoa,-0.23599999999999996,0.1525533624595788,0.010900012002969918,False,in
aoa,4.776,0.05804678687956322,0.005771737327939527,False,in
aoa,8.316,0.032700936049241625,0.0004716896591957301,False,in
aoa,3.6250000000000004,0.18531282240278313,0.0121016708527611,False,in
aoa,8.498,0.045070496125734216,0.033721762331396565,False,in
aoa,6.319,0.0871573766197139,0.009208842356506503,False,in
aoa,3.5779999999999994,0.00339998275810538,0.03408600114504303,False,in
aoa,11.536999999999999,0.04458103397399782,0.0013836515252573511,False,in
aoa,7.963000000000001,0.22222134504287738,0.02853820994352717,False,in
aoa,7.282,0.0836975429021416,0.029039258806235705,False,in
aoa,-2.45,0.003746187524514881,0.033845452687502164,False,in
aoa,3.666,0.041084756206365924,0.037339175567038585,False,in
aoa,3.4969999999999994,0.005552571522383309,0.005804242452496158,False,in
aoa,11.903,0.1014254833035797,0.0326920474828236,False,in
aoa,12.32,0.044842275918985486,0.016216239353171392,False,in
aoa,-0.21300000000000002,0.03840494765490182,0.01728602364960994,False,in
aoa,-0.217,0.012745179943633583,0.009859673698687437,False,in
aoa,0.002,0.2400057932346663,0.0030072327387921146,False,in
aoa,-1.9089999999999998,0.051164584893469624,0.02494631971354093,False,in
aoa,-3.563,0.038136357412234714,0.03764639996596783,True,low
aoa,-3.9270000000000005,0.06263540516892444,0.06658237250408508,True,low
aoa,13.36,0.0165477789609485,1.4224423642322792e-05,True,high
aoa,-3.634,0.010742188630224608,0.011642963280811722,True,low
aoa,-2.934,0.019798156338625694,0.016568432120131482,True,low
aoa,-2.9099999999999997,0.11026290738059316,0.006863725874982312,True,low
aoa,12.67,0.01876472257289019,0.006048212119737176,True,high
aoa,-3.017,0.09156578237354496,0.02523210138143167,True,low
aoa,14.350000000000001,0.07227437029045158,0.017544657354187986,True,high
aoa,12.697000000000001,0.03182142020225398,0.017955415876312115,True,high
aoa,-2.735,0.032295257295835024,0.04824769633604331,True,low
aoa,-4.682,0.13463755925423404,0.02348798963605284,True,low
aoa,-3.382,0.06871180472061694,0.03642634901123042,True,low
aoa,-2.6040000000000005,0.026748848413520362,0.04007839449289871,True,low
aoa,-2.5479999999999996,0.019481659512701505,0.013801167655340344,True,low
aoa,-3.9630000000000005,0.0893399704447187,0.03634033608280958,True,low
aoa,13.586,0.034438242548362474,0.036996924902097356,True,high
aoa,13.544999999999998,0.019783700939616677,0.026023004191858944,True,high
aoa,14.837000000000002,0.04669117215391361,0.0005244040265642257,True,high
aoa,13.364999999999998,0.15321815261796212,0.041665689774172066,True,high
aoa,-2.892,0.05498719995918919,0.02920283927770382,True,low
aoa,13.064,0.004081251905126093,0.004590171004701951,True,high
aoa,-3.36,0.028537332201476875,0.019696195100961805,True,low
aoa,14.214,0.007472466132610434,0.021677023457433376,True,high
aoa,13.712999999999997,0.12069589966901417,0.040032781755770956,True,high
aoa,12.535,0.027522628959310014,0.017315652256025424,True,high
aoa,14.436,0.020548653971355302,0.00962437383050022,True,high
aoa,-3.341,0.029162795456033452,0.065604837272866,True,low
aoa,-3.1330000000000005,0.13554437500225824,0.0043825120513059455,True,low
aoa,-3.152,0.06898196334863681,0.01337581100288917,True,low
aoa,-2.776,0.23784620175960025,0.045044250613354264,True,low
aoa,-4.79,0.19611060591377372,0.03950379531287826,True,low
aoa,-4.416,0.1942057216726251,0.06596558336149273,True,low
aoa,-4.057,0.4177674837594313,0.01970988614675846,True,low
aoa,12.620000000000001,0.0066151419822442215,0.03301503263748916,True,high
aoa,13.394,0.046194472726379,0.010702219545752845,True,high
aoa,14.545000000000002,0.050991579706153756,0.011752126183298791,True,high
aoa,-4.625,0.2284435771156341,0.02928559049005939,True,low
aoa,13.848,0.06016559246553621,0.04799305677956095,True,high
aoa,-4.146,0.12933984673241078,0.025954857734184697,True,low
aoa,12.905,0.005499428365944636,0.015537389290698339,True,high
aoa,-4.392000000000001,0.053016109248704396,0.004471667137016348,True,low
aoa,-4.934,0.10678169324234935,0.031806068449523585,True,low
aoa,14.015,0.05100282897029085,0.007865603404699866,True,high
aoa,14.794000000000002,0.024813084934311114,0.06103666417865205,True,high
aoa,-4.722,0.13826514641070725,0.042131435722215095,True,low
aoa,-2.731,0.08698337227327974,0.041218753394140606,True,low
aoa,14.314,0.0875422454578536,0.012882745248368604,True,high
aoa,-2.891,0.05675188908141368,0.02091217010685662,True,low
aoa,13.739,0.059514540486771184,0.04705352646924915,True,high
aoa,14.191,0.2122420395179201,0.02024797805249804,True,high
aoa,13.798999999999998,0.42938458645932,0.01963654407888147,True,high
aoa,14.375,0.0728463671385029,0.06791184012936469,True,high
aoa,14.221,0.0413789229398398,0.006404349640585425,True,high
aoa,-3.548,0.03671568597994085,0.07057980796993668,True,low
aoa,-3.26,0.418682640841215,0.007668443841702968,True,low
aoa,-4.221,0.2121050622483709,0.0038636081467848735,True,low
aoa,-3.431,0.08607891705191206,0.02506858222269067,True,low
aoa,-4.3069999999999995,0.16699266884857855,0.04932102538781717,True,low
aoa,-3.265,0.055788560221081474,0.010931755349976084,True,low
aoa,-4.8,0.03837915375735862,0.033096397869901935,True,low
aoa,-3.281,0.24582289166958105,0.003637885817722829,True,low
aoa,12.531,0.00438407872522828,0.01087495209993821,True,high
aoa,12.978,0.032041253929180114,0.030276814711423728,True,high
aoa,13.044,0.2947502583458985,0.024392441594802222,True,high
aoa,-2.544,0.018653527093394406,0.005635358467165454,True,low
aoa,-3.322,0.034190738417385624,0.010748943095203295,True,low
aoa,14.053000000000003,0.004545219119335142,0.028549773131534777,True,high
aoa,-4.107,0.06324946223052019,0.021291903417685772,True,low
aoa,-4.881,0.2887044368882755,0.0649209853079357,True,low
aoa,14.475,0.2520898712744639,0.06265652233596264,True,high
aoa,12.911,0.08861857629519942,0.011426100431331548,True,high
aoa,-4.801,0.35146357469173567,0.057942731055901135,True,low
aoa,14.534999999999998,0.03964790352252101,0.03987510296027393,True,high
aoa,13.224,0.05222483573797887,0.0016054448233536397,True,high
aoa,-3.0139999999999993,0.04886695999950674,0.04063035760355525,True,low
aoa,-3.9409999999999994,0.04039612804021281,0.050929447930311816,True,low
aoa,-2.511,0.02700211249907472,0.012618108453869414,True,low
aoa,-4.444000000000001,0.06797983682926123,0.05274128731404446,True,low
aoa,-3.0900000000000003,0.02359298446383476,0.010935050677596606,True,low
aoa,-4.375,0.08153997206352129,0.052317022664589125,True,low
aoa,-4.91,0.003581580781383542,0.038402166462904425,True,low
aoa,14.133,0.08194441769671723,0.020822198737656283,True,high
aoa,-3.4189999999999996,0.07047180926750404,0.008639036059682432,True,low
aoa,-3.8769999999999993,0.031949560260285684,0.017228398786285803,True,low
aoa,13.046,0.05005650762610192,0.020603592991798616,True,high
aoa,-3.6,0.03503540494434729,0.012266416924023577,True,low
aoa,-3.601,0.08849731730573723,0.03511995690180079,True,low
aoa,-4.83,0.12907287063479128,0.01638872356249736,True,low
aoa,-4.257999999999999,0.07845535892590971,0.03710098848589133,True,low
aoa,13.278999999999998,0.08686256416179905,0.005030088010954066,True,high
aoa,13.466000000000001,0.003459726965910681,0.01304454481519119,True,high
aoa,-3.318,0.014269514169170133,0.0033708871628868823,True,low
aoa,-4.156,0.04491034140781741,0.051161446623877366,True,low
aoa,-4.284,0.13696092571705595,0.014332879300057179,True,low
aoa,-4.025,0.023242259559621836,0.06402658578525816,True,low
aoa,-4.457,0.07425444167078266,0.06532967201747426,True,low
aoa,14.504000000000001,0.010955861154829716,0.002538007422053099,True,high
aoa,-2.893,0.31308726647115426,0.008989642674702855,True,low
aoa,14.382999999999997,0.4347572186003634,0.04546271840087292,True,high
aoa,-2.636,0.09709573302284014,0.003504784181073419,True,low
aoa,14.528000000000002,0.06877663129638822,0.04033345443931718,True,high
aoa,-4.065,0.04609818284784847,0.0447477433098959,True,low
aoa,-3.0810000000000004,0.156482225379666,0.022758269356292167,True,low
aoa,-3.7790000000000004,0.03293944407266958,0.03821560892257138,True,low
aoa,-4.21,0.06754427443909736,0.00819580608264273,True,low
aoa,12.608999999999998,0.32235545322805015,0.005806022910718692,True,high
aoa,12.814999999999998,0.009351361521380497,0.01800374173928351,True,high
aoa,12.657,0.16429265386870529,0.002760181186516719,True,high
aoa,14.393,0.23999211709573665,0.043846573764175875,True,high
aoa,12.908000000000001,0.2788747030530936,0.001956522409613852,True,high
aoa,13.397,0.03408329467946536,0.042760965302215265,True,high
aoa,14.926,0.017060441256993464,0.043471340927924124,True,high
aoa,-4.384,0.10832689571480647,0.09068365324435128,True,low
aoa,13.978000000000002,0.06461767425991916,0.06425086926166491,True,high
aoa,14.036000000000001,0.09730187673906276,0.0644217508311537,True,high
aoa,-2.561,0.05014743099463271,0.019753385375835507,True,low
aoa,-4.125,0.007381781453072778,0.04863887396115774,True,low
aoa,-3.5,0.050574358691340915,0.018120299409664586,True,low
aoa,-3.96,0.09517575622759131,0.05116296804640762,True,low
aoa,14.235,0.3066777651311354,0.0033763103330020847,True,high
aoa,14.391,0.05684666202796018,0.02306921104523277,True,high
aoa,-4.403,0.21781408118289536,0.06123793932584928,True,low
aoa,-3.017,0.18081195867290906,0.015283630525862292,True,low
aoa,14.697,0.1503703004719008,0.007335832094911704,True,high
aoa,13.774,0.17338528586136204,0.02183818011702502,True,high
aoa,-2.753,0.044773219429252,0.0011548694989313296,True,low
aoa,-3.114,0.052882300121954634,0.02876496301905019,True,low
aoa,12.746,0.286551390992861,0.047156382010280815,True,high
aoa,12.984,0.05646953269733035,0.020051337883098264,True,high
aoa,-4.429,0.11220643967869673,0.04708217554491372,True,low
aoa,-4.598,0.05692217713427246,0.03421708869739584,True,low
aoa,13.708,0.05699669332832924,0.012660262876862192,True,high
aoa,-4.156999999999999,0.46978823555795374,0.01337442992112064,True,low
aoa,-3.245,0.08292396880605003,0.0027269304697946813,True,low
aoa,13.375,0.15585865304024904,0.05989304998872472,True,high
aoa,12.572,0.2779308974316428,0.06407639652758124,True,high
aoa,13.306,0.03915731942096268,0.04269360962192288,True,high
aoa,-4.685,0.1113571997094242,0.026202321003885892,True,low
aoa,-4.521,0.21289385392062948,0.045091660241248686,True,low
aoa,-2.819,0.04005670299204492,0.004800271459538562,True,low
aoa,12.506000000000002,0.0020530102037497056,0.0002139365015113026,True,high
aoa,14.643,0.017563035980424635,0.023525279402180584,True,high
aoa,-4.736000000000001,0.027754629905880512,0.09266853385056431,True,low
aoa,-3.127,0.06713493845982937,0.02957170722233409,True,low
aoa,-3.473,0.11734133303457925,0.06040796514384662,True,low
aoa,-3.342,0.08491694352080009,0.029724930383411313,True,low
aoa,-4.028,0.12832285424845044,0.041407776270389246,True,low
aoa,13.681000000000001,0.2709631977358822,0.04438212289069321,True,high
aoa,-4.809999999999999,0.08108751974632969,0.0001496837835449124,True,low
aoa,13.821,0.045338730370946045,0.0028008185065989816,True,high
aoa,13.677,0.06723656379884146,0.03852168798668458,True,high
aoa,-3.6180000000000003,0.060113767797923934,0.059618842512934485,True,low
aoa,14.522000000000002,0.015573886374207424,0.005838322950944729,True,high
aoa,-2.653,0.01114658433446344,0.0020227793688683358,True,low
aoa,14.642,0.06963454486174414,0.008662731308704905,True,high
aoa,-3.411,0.02978807235035122,0.0308836578413556,True,low
aoa,-4.262,0.12842686940162165,0.02013394425521116,True,low
aoa,14.13,0.09956696172655466,0.01736242101494208,True,high
aoa,14.375,0.013378496487069347,0.00784474157445222,True,high
aoa,-4.328,0.09823011321901097,0.0007500119788643872,True,low
aoa,-4.731,0.10717843131757593,0.0473438704705681,True,low
aoa,-3.195,0.011737780602799605,0.021835381949687524,True,low
aoa,14.684,0.053107969541310585,0.005005275336673044,True,high
aoa,-3.9940000000000007,0.01280610939779421,0.06491659436683204,True,low
aoa,13.407999999999998,0.005677232848091407,0.011905155709573293,True,high
aoa,-3.536,0.5644602074711709,0.026949807066601675,True,low
aoa,12.852000000000002,0.0262537613303786,0.04830008669270118,True,high
aoa,14.036000000000001,0.15867638287087082,0.033103722206135625,True,high
aoa,-3.031,0.05532626127032225,0.0035050145820236037,True,low
aoa,14.249,0.011603941412919427,0.0023380467627772093,True,high
aoa,13.513,0.03775049040934042,0.04722332726169205,True,high
aoa,13.23,0.0460558957826418,0.01531526303651987,True,high
aoa,-3.4329999999999994,0.08180966865872563,0.04759035277373667,True,low
aoa,14.286,0.03367214069949265,0.04297606875639264,True,high
aoa,-3.457,0.051132021399804134,0.0062654161564794555,True,low
aoa,-4.584999999999999,0.03536871187599318,0.004742690856477067,True,low
aoa,14.277,0.0067390733142487225,0.0011126897527149009,True,high
aoa,-3.7469999999999994,0.1617520847133279,0.03899041604140026,True,low
aoa,13.125999999999998,0.009590447790538414,0.016745947672724325,True,high
aoa,-3.3210000000000006,0.2761760241383013,0.03490986441896833,True,low
aoa,-4.94,0.1211147869233033,0.012304617261606487,True,low
aoa,-3.901,0.04392797945894085,0.003956923771948758,True,low
aoa,14.686,0.19119151326032613,0.011851934993471064,True,high
aoa,13.222,0.00886794011270542,0.02661154791204081,True,high
aoa,14.283,0.15536605941231674,0.03321900894991492,True,high
aoa,-4.369,0.1999648337615917,0.014042535949631604,True,low
aoa,14.039,0.015486958641328874,0.0003541732662880881,True,high
aoa,-2.726,0.3931421285626576,0.004574054047827387,True,low
aoa,-4.876,0.04698597682570693,0.03674371907530965,True,low
aoa,13.462,0.0499484120911351,0.01085747159993651,True,high
aoa,-2.9450000000000003,0.08310014743487575,0.029204641728061125,True,low
aoa,-4.278,0.10725693388536953,0.030634100781929546,True,low
aoa,-2.718,0.33242012793971504,0.002179717655309256,True,low
aoa,14.068,0.017002952461390164,0.017175005474326294,True,high
aoa,-4.362,0.11829143298113926,0.04832054438604119,True,low
reynolds,3917306.6909923204,0.030210387239737013,0.02155732547424761,False,in
reynolds,3850911.6623314335,0.06925416344819801,0.06777140291184826,False,in
reynolds,3843233.325683576,0.18807766469273934,0.03528437529782705,False,in
reynolds,4333614.489748434,0.04202926826387299,0.006520551156801679,False,in
reynolds,3191929.711200591,0.16244644504310826,0.053811725484054204,False,in
reynolds,3782774.490061369,0.03245557220863393,0.00020325897312575142,False,in
reynolds,3147085.6442236076,0.012501796927832265,0.045934326128021806,False,in
reynolds,4333614.489748434,0.03943053631296772,0.04455853260153224,False,in
reynolds,3967506.236471591,0.12785434415650365,0.056760887284926995,False,in
reynolds,4112555.8228949867,0.01670128764313794,0.017981035333233628,False,in
reynolds,5011566.449068102,0.0010616831452158193,0.0476062606189164,False,in
reynolds,4393815.230021134,0.03874723201635977,0.0063994792296067846,False,in
reynolds,4763859.437377972,0.04378427201468127,0.016236924483829643,False,in
reynolds,3890464.7746435073,0.07501751836561699,0.009479980456980272,False,in
reynolds,3604043.4605272035,0.24950628893554128,0.017486409385753056,False,in
reynolds,4163271.559073273,0.31950596405833775,0.021577634766279503,False,in
reynolds,4811994.220061179,0.0627511792984996,0.010262250331170827,False,in
reynolds,4127718.924678571,0.151246327495765,0.00843293809324859,False,in
reynolds,4540090.769354691,0.028963835553475592,0.007884989172591651,False,in
reynolds,4323613.294955006,0.11480726972210875,0.04082596776254212,False,in
reynolds,4676623.209244328,0.058210825281674816,0.004071515133894842,False,in
reynolds,3744834.473683719,0.019098783213550685,0.01765702810817249,False,in
reynolds,3779935.441216783,0.08824846966577521,0.01926493955304376,False,in
reynolds,4990983.344944853,0.006363947490528765,0.046057878398882375,False,in
reynolds,3499643.89165129,0.017281042226822474,0.02116741952153812,False,in
reynolds,3225159.4874497233,0.1144545077722462,0.005369582765679615,False,in
reynolds,3512742.2306388123,0.0010603398233064443,0.02216802073458405,False,in
reynolds,3796001.876723645,0.03809692819363826,0.01601782789507386,False,in
reynolds,3426731.955415331,0.11968882569025818,0.019540786412591073,False,in
reynolds,4989821.915872068,0.06021260595531639,0.001116058977344743,False,in
reynolds,3535841.764419762,0.12867704024925547,0.0069630420793652045,False,in
reynolds,3381242.6500645773,0.008735467269673114,0.024460768712082394,False,in
reynolds,3416085.522248133,0.02878284207983106,0.046930566137672575,False,in
reynolds,4987434.53388912,0.11288342258867545,0.03857260263751948,False,in
reynolds,3367821.691890171,0.09598962166377775,0.009208447121469465,False,in
reynolds,3078045.1382302656,0.047465653142089614,0.020913081833591557,False,in
reynolds,4347358.067109726,0.44944466733462346,0.031102194626422407,False,in
reynolds,4700174.409886916,0.08210540154462642,0.006483612117938931,False,in
reynolds,4898133.542959415,0.01093248119932283,0.018308579705688114,False,in
reynolds,3979572.1940610823,0.20962269506628434,0.008703487700618927,False,in
reynolds,4175402.0405001407,0.08763226695035065,0.017623570109258826,False,in
reynolds,3260389.5026575406,0.05425380695963078,0.04970522182617909,False,in
reynolds,4752890.385023889,0.026807756469355515,0.03889729600874482,False,in
reynolds,4194178.4771768344,0.1188125219126328,0.017870494799339772,False,in
reynolds,4744179.666978,0.040006433817117215,0.013349841912871009,False,in
reynolds,4539187.435631414,0.08836676707479274,0.00604736386336386,False,in
reynolds,4000284.3458590847,0.02355774434858704,0.014778798859016541,False,in
reynolds,3134632.543609855,0.15051713928624522,0.004720588364991585,False,in
reynolds,4297739.236166848,0.0162152453447664,0.019744011482533342,False,in
reynolds,4720305.847148526,0.12011432698365174,0.040949192669406685,False,in
reynolds,3350658.351147901,0.19228528183236585,0.057449908873392394,False,in
reynolds,4941364.514001974,0.08328888743133378,0.055971488662516194,False,in
reynolds,4331549.726952372,0.09883188999099946,0.06604149737478598,False,in
reynolds,3303555.9498627232,0.08303160813735072,0.003003266683984901,False,in
reynolds,3789033.3022869336,0.02664070802001922,0.03465977302045596,False,in
reynolds,4517120.283248495,0.08367067376990323,0.0026223222558005976,False,in
reynolds,3967828.8556584762,0.0862618029104466,0.04019680897629209,False,in
reynolds,3850008.328608156,0.07200444715443508,0.018337184501976717,False,in
reynolds,4039643.886659027,0.11173535293394043,0.021483676687557646,False,in
reynolds,3568684.397644632,0.4363209339594135,0.020020848727540237,False,in
reynolds,3596945.8384157387,0.06343219438948544,0.042535428558881094,False,in
reynolds,3038233.9305686844,0.034624636445582224,0.010787017846817971,False,in
reynolds,4349229.258393657,0.015616629504862756,0.012291256657942715,False,in
reynolds,3107919.674935796,0.5848564435443017,0.008734104527612543,False,in
reynolds,3990025.0557161486,0.11205075616388521,0.06670408083936423,False,in
reynolds,3161603.5076334225,0.1582383655268107,0.013492050017805658,False,in
reynolds,4365489.26541265,0.18882180503210133,0.03144037235820499,False,in
reynolds,4240313.020901358,0.10628169181447134,0.03395730862896297,False,in
reynolds,4230053.730758422,0.09790762746918297,0.035834564512865895,False,in
reynolds,3435700.7688107276,0.036373766102260396,0.03075862464935048,False,in
reynolds,4113846.2996425256,0.11847762099293535,0.026525471536268136,False,in
reynolds,4946139.277967869,0.05180675962025871,0.0001542555794544695,False,in
reynolds,3771482.818520402,0.09647939474586836,0.06448987088247034,False,in
reynolds,4626423.663765056,0.09303975164493183,0.0006269631379123737,False,in
reynolds,3574556.066845935,0.020121348987396592,0.0032743541361427535,False,in
reynolds,4709014.175607559,0.17101129456260067,0.024514656215021455,False,in
reynolds,4140559.1683165855,0.07195039339346754,0.006273226269826305,False,in
reynolds,5029568.599696272,0.16087572521527033,0.03048835365699718,True,high
reynolds,4615519.135248351,0.03575236190560138,0.012550625274992318,False,in
reynolds,4286253.99311375,0.011357364304200007,0.021502020790973082,False,in
reynolds,4748502.764082256,0.010923050083451097,0.010762838455814605,False,in
reynolds,4845804.710846704,0.15403172678543248,0.01553352270979172,False,in
reynolds,3821424.2686501653,0.007393136370611883,0.02719660769545155,False,in
reynolds,4133267.9746929896,0.09370670560750127,0.03431237751647406,False,in
reynolds,3286199.0376083227,0.12807193179929388,0.027096807626186388,False,in
reynolds,3063785.370169958,0.1011183171791652,0.005080522424895836,False,in
reynolds,3081593.949285998,0.00026739894737692893,0.062050874461786594,False,in
reynolds,4140688.215991339,0.08488840547447304,0.029347101832115367,False,in
reynolds,3442733.8670848156,0.1663050343768484,0.0420378381298919,False,in
reynolds,3812455.455254768,0.027103114358250857,0.03287492816302194,False,in
reynolds,3752319.2388194464,0.019309669734532853,0.02328234131838208,False,in
reynolds,3137213.4971049335,0.0021590451150131917,0.0008128137235818237,False,in
reynolds,4807800.170631678,0.14183737388835493,0.02186978369918969,False,in
reynolds,4535445.05306355,0.23641552208980332,0.026499996973651244,False,in
reynolds,3038621.0735929464,0.055522845785215935,0.047992208132641906,False,in
reynolds,4297803.760004225,0.06142579635716461,0.022726735665354957,False,in
reynolds,3991638.1516505727,0.07222494373984037,0.04958379922444233,False,in
reynolds,3480609.359625088,0.011105957750295992,0.02499053965620603,False,in
reynolds,4199856.574866007,0.2434227196365506,0.03322063805362939,False,in
reynolds,4791475.639775308,0.03224285070566757,0.03647275307616778,False,in
reynolds,4202889.195222723,0.06708181164743136,0.016314366924256626,False,in
reynolds,2362991.9724188494,0.02047581856777758,0.026787054704823093,True,low
reynolds,2795624.302031333,0.1927679695638418,0.013226443139524056,True,low
reynolds,5752364.625992923,0.23958871647306024,0.09438184749272714,True,high
reynolds,5640802.911168167,0.18065000966030315,0.13076037351121172,True,high
reynolds,2744263.327479277,0.10776023998810258,0.07700876993385203,True,low
reynolds,2983969.383334665,0.05928030057431122,0.014198780358292841,True,low
reynolds,2948803.8919642246,0.006361107232402297,0.0356186852081992,True,low
reynolds,5516013.809681136,0.19795162065103478,0.0776666710084932,True,high
reynolds,2968096.519339934,0.03532176656071764,0.0144453024381088,True,low
reynolds,5281017.993954266,0.17004963547529628,0.02107471855607193,True,high
reynolds,2671480.4389180713,0.19166118566814816,0.005148803126715198,True,low
reynolds,2894410.297055451,0.020202084721967273,0.0427992342706765,True,low
reynolds,5823921.5616439665,0.25829350384117156,0.06662191685625782,True,high
reynolds,3012811.538642164,0.1480143634833544,0.020593581572186152,True,low
reynolds,5082865.289369637,0.3015102700011574,0.030463285348571185,True,high
reynolds,2184389.9905594373,0.23927149564770123,0.0020751245779767925,True,low
reynolds,5147195.555234462,0.049540515401266916,0.023030961913897637,True,high
reynolds,2443711.2929774197,0.1074838773944704,0.03099232874820707,True,low
reynolds,5477428.554929717,0.05864614622418218,0.011094869362703473,True,high
reynolds,5796111.787734498,0.13021478460728791,0.15974452712563672,True,high
reynolds,2068505.1786304263,0.03400314890805589,0.027649650612978777,True,low
reynolds,2241235.491288535,0.5003343805816374,0.03391149445509345,True,low
reynolds,5419550.672802588,0.1208078925766809,0.11520322560075597,True,high
reynolds,5187264.858245551,0.08150021475062741,0.0340944962396095,True,high
reynolds,5484009.9863421675,0.599564202629617,0.03560481035761672,True,high
reynolds,2837113.1294647153,0.1904845763982933,0.014326242981187174,True,low
reynolds,2671093.2958938098,0.08142944601490809,0.09740750950273708,True,low
reynolds,5220752.72984419,0.5886146701171084,0.06824288867656816,True,high
reynolds,2885957.67435907,0.1369412705764722,0.013237132230147473,True,low
reynolds,2215942.147036769,0.20501136826233024,0.07452806640329501,True,low
reynolds,2904282.444174126,0.11261535018830804,0.01487570263350321,True,low
reynolds,2229298.581373798,0.23135798843230004,0.002389615299317454,True,low
reynolds,5960002.334671965,0.32854722847833817,0.11623477671457416,True,high
reynolds,5562406.4487551665,0.08031526377868081,0.11118812502113797,True,high
reynolds,2806851.449734923,0.14447835064399195,0.013577344841885636,True,low
reynolds,5428325.914685855,0.11489068877069875,0.09437049418672169,True,high
reynolds,2232589.2970800227,0.16842899047565985,0.0016679298374346202,True,low
reynolds,2940738.412292105,0.20499196410129206,0.04020253074405633,True,low
reynolds,2738649.753627482,0.08970500186678215,0.03775869015342659,True,low
reynolds,2146256.402669657,0.21849670046755765,0.026981264062038202,True,low
reynolds,2289692.893158628,0.056199632903776164,0.0014307315862994024,True,low
reynolds,2421966.7597813862,0.15054760435255832,0.009288025924999999,True,low
reynolds,2476553.92620229,0.13343883857003114,0.03929017588418807,True,low
reynolds,2606117.791655216,0.054704900628584324,0.05099190277477078,True,low
reynolds,5398580.425655079,0.08289558132795483,0.0991498686868646,True,high
reynolds,2037469.2128521109,0.1685461938974876,0.08859544881047286,True,low
reynolds,2265560.977979647,0.21830138281495226,0.04200093196065307,True,low
reynolds,2201037.140602692,0.4020219551297369,0.13774490462685127,True,low
reynolds,5443682.5879815705,0.23336182259852856,0.020496840086520734,True,high
reynolds,2369057.213132283,0.21264714928280193,0.00409223848982862,True,low
reynolds,5067185.996887037,0.011143889961471753,0.00191867158882034,True,high
reynolds,2592245.1666191705,0.15806832738203602,0.009993603669712765,True,low
reynolds,2520559.1832933733,0.0916459950327182,0.011453094094734158,True,low
reynolds,2052051.6000993026,0.0738853388121461,0.0025513153202304326,True,low
reynolds,5488526.654958554,0.14983439607020266,0.045083790213116606,True,high
reynolds,5264693.463097896,0.09738362407916068,0.06831775663387411,True,high
reynolds,2660575.910401366,0.12325426617485247,0.01754158236995992,True,low
reynolds,2228588.819162652,0.22814556174631984,0.05192904287528964,True,low
reynolds,5037956.698555276,0.01026520766852479,0.07498399519717319,True,high
reynolds,5039376.222977569,0.016377207937408378,0.012758708747468393,True,high
reynolds,5917287.55432842,0.23902554780532376,0.13036073177143492,True,high
reynolds,5645255.055947177,0.23984565360050292,0.07037148837375581,True,high
reynolds,2503331.3187137265,0.1410316877636716,0.07296798252643458,True,low
reynolds,2030436.1145780226,0.23727592237373019,0.005202044848608388,True,low
reynolds,5681452.92871565,0.2811722187719503,0.13779081684779762,True,high
reynolds,2146837.1172060496,0.15522219656597858,0.014404454228528606,True,low
reynolds,2971838.9019077974,0.017218910862211834,0.03548288667906763,True,low
reynolds,5263725.605537242,0.11606410773930786,0.015199599374343668,True,high
reynolds,5492720.704388055,0.11949200911699698,0.09335603230181101,True,high
reynolds,2785429.535725774,0.08103292791266659,0.05960031549123237,True,low
reynolds,2359249.589850986,0.24490656422953294,0.08026267710376872,True,low
reynolds,5550792.1580273155,0.027043659683031004,0.06563874815548155,True,high
reynolds,5232883.211271057,0.08437618424853026,0.009567672385935984,True,high
reynolds,5307601.814953571,0.09202612589765802,0.03760282397370286,True,high
reynolds,2300597.4216753338,0.34229335123894866,0.06744744994202502,True,low
reynolds,5702423.17586316,0.21442543062649788,0.09189166976582633,True,high
reynolds,5825018.466879374,0.2125871447253816,0.07084872129286374,True,high
reynolds,5887542.065297644,0.26255776212226767,0.11070118894438642,True,high
reynolds,5723780.566034932,0.13873119273151527,0.14034180792588075,True,high
reynolds,2998358.199069726,0.08756792548538395,0.00926499262646834,True,low
reynolds,2482683.690753101,0.12181878881115227,0.03931612471569665,True,low
reynolds,2770847.148478582,0.040870468828595345,0.019320807335634724,True,low
reynolds,2294596.704799277,0.3187598756277402,0.022715480300858324,True,low
reynolds,2404158.1806653463,0.15095150556792358,0.02021009334245724,True,low
reynolds,2977000.808897954,0.0363654939641016,0.02651297653714927,True,low
reynolds,5714231.038103143,0.32332495006842055,0.0858857628177837,True,high
reynolds,5492849.75206281,0.17211034926543012,0.07561448938646924,True,high
reynolds,5819275.845352826,0.3387181400418018,0.1401379857081097,True,high
reynolds,2618699.9399437224,0.06225426352568508,0.07964967020533502,True,low
reynolds,2404222.7045027236,0.027441338796019066,0.01650275611381622,True,low
reynolds,5995748.540578797,0.24582836129506336,0.12830562699414164,True,high
reynolds,5056991.230581477,0.1347062272960118,0.03334617532392048,True,high
reynolds,2144965.925922118,0.2115935641138904,0.050537254747198876,True,low
reynolds,2994357.7211523545,0.1274514246061953,0.016346303451014118,True,low
reynolds,5573246.453434495,0.12826135997293586,0.10810017927625198,True,high
reynolds,2108445.4339667615,0.31532977384057714,0.01801470188019815,True,low
reynolds,5359414.456367267,0.09874041939292617,0.0006512397174064689,True,high
reynolds,2893636.0110069276,0.756085963311481,0.0113746829745433,True,low
reynolds,5302698.003312923,0.14265126854910887,0.0826739887713718,True,high
reynolds,2502686.080339957,0.05891532026861701,0.013768237745221696,True,low
reynolds,5610799.326787883,0.12034165685290821,0.11691924473658129,True,high
reynolds,2929059.5977268764,0.09897781938634231,0.0030072715406066555,True,low
reynolds,5576085.502279081,0.21293854783528743,0.099173643496249,True,high
reynolds,5412711.146040631,0.06982269608190972,0.09333064746880937,True,high
reynolds,5759075.105080126,0.23575546814299586,0.10130384419981307,True,high
reynolds,5921029.936896284,0.16921073717594082,0.0412539642957844,True,high
reynolds,5042989.557870679,0.12472037008236603,0.005579255447740326,True,high
reynolds,5834051.8041121485,0.25703296662830316,0.005952826111527483,True,high
reynolds,5276823.944524764,0.025612910899656338,0.06577896329166959,True,high
reynolds,5062862.8997827815,0.06428779230416462,0.0009317510525656478,True,high
reynolds,5104029.108029278,0.09505196980310293,0.02038955058589046,True,high
reynolds,2942093.4128770214,0.08747908231812918,0.01764923647763323,True,low
reynolds,2337569.580492329,0.18563390983148398,0.003518858639106129,True,low
reynolds,2340602.2008490455,0.34225492301138516,0.008223064476843043,True,low
reynolds,5533757.8649598,0.24609584903765747,0.03855238795290887,True,high
reynolds,2810722.8799775406,0.1464134269204494,0.009648107890769437,True,low
reynolds,2977258.904247462,0.07065223167663137,0.052138136390672774,True,low
reynolds,2347699.822960511,0.2509783320870696,0.020888586947339707,True,low
reynolds,2813884.5480090114,0.017742728664313256,0.022830204606257433,True,low
reynolds,2729680.940232085,0.07579376485552491,0.005170979554545527,True,low
reynolds,2181938.084739113,0.8212448181698919,0.012660395459012062,True,low
reynolds,2236654.2988347714,0.2645813887342805,0.06031849165753683,True,low
reynolds,5947807.329407721,0.2109763969859022,0.16480527875087672,True,high
reynolds,2133867.8258932815,0.29251916763842,0.027754879369874086,True,low
reynolds,5224817.731598938,0.1768838286555402,0.039205133517117206,True,high
reynolds,5068024.806772937,0.07365676759408363,0.10450407258238247,True,high
reynolds,5901479.214171067,0.09022689501440007,0.19307994929185343,True,high
reynolds,2110316.6252506934,0.23701936064785856,0.05991701486037865,True,low
reynolds,5120805.305747286,0.03445522850942867,0.13162079648501152,True,high
reynolds,2144643.3067352334,0.3675260058498504,0.05863144775204745,True,low
reynolds,5312183.007407335,0.09854736159694921,0.09463604499386162,True,high
reynolds,2236783.346509525,0.2600527446653972,0.0024962077457119005,True,low
reynolds,2632637.0888171447,0.22492826017094658,0.0821235472813791,True,low
reynolds,2044115.168101937,0.3606708370525986,0.04337345181689371,True,low
reynolds,5616929.091338695,0.8641830234478998,0.11963230550157809,True,high
reynolds,2671415.9150806945,0.10814108421895963,0.04465158247499605,True,low
reynolds,5798628.2173922,0.20901642575586427,0.13047454680133766,True,high
reynolds,5054797.420110662,0.060315912183631526,0.03795495342205435,True,high
reynolds,2373186.738724408,0.37330803640256643,0.015459470593156291,True,low
reynolds,5661966.729827809,0.4535484762242228,0.04328023484202561,True,high
reynolds,2043921.5965898063,0.22672047869643353,0.02891002028348185,True,low
reynolds,2680191.1569639603,0.14683048172478053,0.005095527914467657,True,low
reynolds,5577311.455189244,0.6223454440030449,0.09980991383902063,True,high
reynolds,2656639.9563213717,0.00944512073414605,0.012689543172269366,True,low
reynolds,3005907.4880428296,0.04616898501709776,0.008886421944773817,True,low
reynolds,5852763.716951464,0.30617002713699026,0.09961494633302093,True,high
reynolds,2450808.915088885,0.042671353459845074,0.00863813509415606,True,low
reynolds,2311437.426354662,0.19831741421440863,0.0644350868239355,True,low
reynolds,2727099.986737007,0.1788444336071513,0.0649214052937329,True,low
reynolds,5855086.575097036,0.3438525607019671,0.09344641542773797,True,high
reynolds,2548756.1002271026,0.04024809202926527,0.021837157264705163,True,low
reynolds,2254656.4494629414,0.2579727209861894,0.08545914321297945,True,low
reynolds,5892897.543799931,0.941821578583172,0.06818402340422412,True,high
reynolds,5151841.271525602,0.08851413435509448,0.030361213735442573,True,high
reynolds,5294826.095152935,0.10222170487636167,0.07228309505254517,True,high
reynolds,2295435.5146851772,0.07241595390089361,0.006993211455073374,True,low
reynolds,2810787.4038149174,0.024083651853365362,0.028032451343358862,True,low
reynolds,2286015.034428142,0.05579961211603357,0.007395179613823374,True,low
reynolds,5141517.457545289,0.044704799863463596,0.05145548301728365,True,high
reynolds,5054668.372435907,0.04796731791682385,0.04379157430832462,True,high
reynolds,2455261.0598678947,0.01490599234770873,0.013409787942410533,True,low
reynolds,2675868.059859704,0.10835953926565556,0.0731701652760986,True,low
reynolds,2843436.4655276565,0.019687658570410438,0.0011996327545051692,True,low
reynolds,2139610.4474198306,0.1554375007523019,0.02025554189922225,True,low
reynolds,2561015.6293287245,0.11327293041730829,0.02903336254990993,True,low
reynolds,2335633.8653710205,0.1448206923910903,0.03833509758275647,True,low
reynolds,5883928.730404534,0.27524226135755203,0.1536024546496581,True,high
reynolds,5618864.806460002,0.06086193891398739,0.12717020672688323,True,high
reynolds,5469943.789793991,0.21044108621218482,0.09273306645836848,True,high
reynolds,6028333.07845416,0.7334051254732845,0.21238468580301217,True,high
reynolds,5723651.518360178,0.14359311469287103,0.12377841830315515,True,high
reynolds,2157741.645722755,0.0898384173602812,0.0024933401073330905,True,low
reynolds,2881763.6249295683,0.2522039963180252,0.07654041100201901,True,low
reynolds,2830531.698052266,0.505280311293649,0.016217026798812414,True,low
reynolds,2629862.5638099355,0.13647091941161427,0.003188268600402347,True,low
reynolds,2715227.600659647,0.14095810925720087,0.02843974526199856,True,low
reynolds,5769592.490572571,0.3952058377797097,0.1323368685095064,True,high
reynolds,2233363.5831285464,0.5189933007768162,0.03894663124362848,True,low
reynolds,5339541.114455164,0.13475633921944602,0.09977227444498575,True,high
reynolds,2285692.415241257,0.29805156402469435,0.057920286558505216,True,low
reynolds,2985130.8124074503,0.03404159711381993,0.026934363893220493,True,low
reynolds,2665544.2458793917,0.07457828298895008,0.06092206818373175,True,low
reynolds,5384707.800619033,0.1262847837483586,0.05459173609494932,True,high
reynolds,2896475.0598515137,0.034957254869244586,0.019193153294903523,True,low
reynolds,2111026.3874618397,0.07567343873439203,0.01906564039937525,True,low
reynolds,2526237.2809825456,0.004220669992759163,0.023281385073258217,True,low
reynolds,2141352.5910290084,0.19975842423864587,0.039147586680668076,True,low
reynolds,2643089.9504722115,0.15693604210622425,0.045266007274260944,True,low
reynolds,2773040.9589493987,0.03452466651184305,0.051476385371525574,True,low
reynolds,2043986.1204271833,0.608423464571415,0.026560358716613122,True,low
reynolds,5862958.483257024,0.16524994097802803,0.15641734410365976,True,high
reynolds,2394092.4620345416,0.22585210704242153,0.0416723655280032,True,low
reynolds,5986134.488809631,0.24739912931826077,0.20515367763301404,True,high
reynolds,2997712.960695957,0.1631874307033735,0.0006367192308965874,True,low
reynolds,2478941.3081852375,0.08332336309900856,0.013907799859125164,True,low
reynolds,5944000.42300248,0.13096639893434714,0.18622434075093738,True,high
reynolds,2753554.7600615583,0.11756718628166984,0.015664611375510416,True,low
reynolds,5847601.809961309,0.16084608901520855,0.15530275764590587,True,high
reynolds,2920413.4035183643,0.04535476862520249,0.06712154355966951,True,low
reynolds,2412030.088825335,0.023214010756920755,0.023171866925076612,True,low
reynolds,5501560.470108698,0.2916780562407206,0.0200289055731511,True,high
reynolds,5729523.18756148,0.12385127229207579,0.21257940281086588,True,high
reynolds,5213719.631570102,0.05514237281186829,0.008180105127993716,True,high
reynolds,2825240.7433873555,0.08585250049964227,0.027500193413982178,True,low
reynolds,2905379.3494095337,0.0778697074862088,0.020027073427311824,True,low
reynolds,5529112.148668659,0.2053307632821689,0.11366558809970229,True,high
reynolds,5871540.153628159,0.12104031872969569,0.14066101034468542,True,high
reynolds,5943355.18462871,0.2686664481695715,0.17125655817426097,True,high
reynolds,2878795.528410228,0.17423643467533234,0.04892454941175104,True,low
reynolds,2836338.8434161916,0.07386942540499075,0.04353110577498885,True,low
reynolds,5973423.292846371,0.243798861323689,0.19478229273604497,True,high
reynolds,5535951.675430615,0.08077422726334871,0.06379938166730288,True,high
reynolds,5259596.079945116,0.02451121462623493,0.058998777573067374,True,high
reynolds,5540081.201022741,0.10776518005443969,0.09519355857046566,True,high
reynolds,5574859.54936892,0.22566472514685199,0.10063838920892822,True,high
reynolds,2222781.6737987255,0.1180992104767159,0.018780287950957597,True,low
reynolds,5739782.477704417,0.1450112203625472,0.08355418036718897,True,high
reynolds,2813045.738123111,0.09778208746838823,0.02043862227552649,True,low
reynolds,5391805.422730498,0.12368129916483217,0.06492551017525867,True,high
reynolds,5151776.7476882255,0.06455079704816147,0.07032726066986092,True,high
reynolds,2397641.273090274,0.121811891861215,0.04984579257536524,True,low
reynolds,2125479.7270342777,0.02143982396203259,0.013638045186462715,True,low
reynolds,5630221.001838347,0.32287734239506083,0.043962413330921456,True,high
reynolds,2784526.202002497,0.05311681124965917,0.05720050077918007,True,low
reynolds,5815662.510459716,0.23246917943405565,0.11655525325584136,True,high
reynolds,2908928.160465266,0.0543929402365787,0.03077194881778454,True,low
reynolds,5225462.969972707,0.019081482417764972,0.059443024197110304,True,high
reynolds,5518014.048639823,0.10267269757766861,0.09137593853378695,True,high
reynolds,5759139.628917503,0.16094447415172997,0.12457586877576905,True,high
reynolds,2180776.655666328,0.060964212211345625,0.02200741347094126,True,low
reynolds,5222623.921128122,0.22197604336829502,0.03885037804492983,True,high
reynolds,5246562.264794972,0.1518638611514922,0.09035174489698775,True,high
reynolds,5675581.259514347,0.4970818367439973,0.10111629233511135,True,high
reynolds,2127092.8229687014,0.20633992744366783,0.13279076013613644,True,low
reynolds,2178518.3213581345,0.11727259065617984,0.03667346408682542,True,low
reynolds,2806464.3067106614,0.12953235755455866,0.043227368438373485,True,low
reynolds,2018499.204663286,0.2953207077698553,0.07714275743770921,True,low
reynolds,5355091.35926301,0.02464171808651485,0.0011299657811695545,True,high
reynolds,2190003.5644112327,0.24942858624926315,0.06825177861453025,True,low
reynolds,2212070.7167941513,0.16135373210878645,0.009396380644852756,True,low
reynolds,2149418.070701128,0.30828592742458527,0.08946551603497159,True,low
reynolds,5317409.438234868,0.11560835033889538,0.02610362121124439,True,high
reynolds,2139804.018931961,0.2916033983009831,0.02820193662706892,True,low
reynolds,2664769.959830868,0.29629225625110045,0.06483398851412563,True,low
reynolds,2407448.8963715713,0.13451178564013766,0.022706955311393787,True,low
reynolds,5599185.0360600315,0.2380104792991118,0.0679687703248817,True,high
reynolds,5729006.9968624655,0.7286158506055018,0.08510446261967078,True,high
reynolds,2540626.0967176068,0.033015939768589186,0.007833944706835308,True,low
reynolds,5333604.921416485,0.6544884321803806,0.09351758859734698,True,high
reynolds,5945742.566611657,0.18985245732651754,0.1944166521228111,True,high
reynolds,5313344.43648012,0.043143605496986676,0.01558665595813345,True,high
reynolds,5046409.321251657,0.12522389553947622,0.01705996048540299,True,high
reynolds,5678613.879871063,0.19410935501665205,0.08531353332736033,True,high
reynolds,5287405.8538545845,0.11728386038029959,0.038383957838583685,True,high
reynolds,5411356.145455715,0.003870345063261116,0.11327230253806801,True,high
reynolds,2024887.0645636048,0.2358576473816526,0.018652112698847957,True,low
reynolds,2885506.0074974312,0.3466051792224024,0.005945580977279121,True,low
reynolds,2183873.7998604216,0.30757926590180074,0.04204397568595655,True,low
reynolds,5724490.328246078,0.5724453649157812,0.1460532568424639,True,high
reynolds,5668548.161240258,0.18317126486247937,0.0875514558385229,True,high
reynolds,5225333.922297955,0.09316871879112565,0.03355477215756385,True,high
reynolds,2868278.142917785,0.17008163102161422,0.04902007094841517,True,low
reynolds,2469585.351765579,0.08379236795546618,0.04086395971861284,True,low
reynolds,5326829.918491904,0.33470755163216404,0.04316191141199521,True,high
reynolds,2202585.7126997393,0.3161125535896807,0.01466580143984654,True,low
reynolds,5773915.587676826,0.22885221876991657,0.10283696402949019,True,high
reynolds,2903766.25347511,0.1312815479404477,0.004930129422016521,True,low
reynolds,2655155.908061702,0.1580995226575212,0.02543941964753886,True,low
reynolds,6006459.4975833725,0.5539212121662351,0.08948275946555276,True,high
reynolds,5397354.472744917,0.061838701577469735,0.07792674823088297,True,high
reynolds,5477815.6979539795,0.19970193363157485,0.09076484743097188,True,high
reynolds,2141610.6863785163,0.16260497354079184,0.013698160621093709,True,low
reynolds,2768524.2903330117,0.06344409225199454,0.05286791613823106,True,low
reynolds,5365544.220918078,0.19053811114485897,0.033754367887822934,True,high
reynolds,2399706.035886337,0.22853390476727908,0.10258800402228734,True,low
reynolds,5522401.669581455,0.39977879045235387,0.09208087716340604,True,high
reynolds,5724619.375920832,0.16218204283297374,0.04162576065354001,True,high
reynolds,5636479.814063912,0.12845110788562897,0.1365125475792451,True,high
reynolds,2575017.3020395236,0.2385277807205708,0.01952916380541954,True,low
reynolds,2324535.7653421843,0.21973601748870697,0.010710902243233643,True,low
reynolds,2236718.8226721482,0.08814773873317128,0.0528606318241307,True,low
reynolds,5834051.8041121485,0.3773318821337188,0.07101803618346922,True,high
reynolds,2096960.1909136635,0.1719438573324159,0.036993546012447816,True,low
reynolds,2313566.712988102,0.23282360620340625,0.060054856084918284,True,low
reynolds,5420389.482688489,0.014040507624058778,0.03956669088475687,True,high
reynolds,5454006.401961883,0.0847800348265606,0.10518570229568358,True,high
reynolds,2361830.543346064,0.16592952657617865,0.07471264167090534,True,low
reynolds,5300955.859703746,0.18021973631086372,0.0679482816257945,True,high
reynolds,5963164.002703436,0.3207260040564121,0.0559725232394128,True,high
reynolds,5477299.507254964,0.13385067845820375,0.07475850127273663,True,high
reynolds,2548691.576389726,0.02426510235313295,0.006152877532717281,True,low
reynolds,2789365.4898057682,0.11116082999482257,0.0941507585999786,True,low
reynolds,5042150.747984779,0.009278930765255655,0.041446128253753475,True,high
reynolds,5893800.877523209,0.2753332689218424,0.12966861376974348,True,high
reynolds,5952775.664885745,0.1542196402551041,0.186637802351016,True,high
reynolds,2424289.6179269566,0.38954619489813114,0.0006785025588907159,True,low
reynolds,5508593.568382787,0.1137047234698465,0.08642690137772815,True,high
reynolds,2900281.966256754,0.18851791607377844,0.006110428124728725,True,low
reynolds,5232367.020572042,0.1733084303707042,0.029311850465633556,True,high
reynolds,2278981.9361540535,0.40028602696699966,0.08296798246278159,True,low
reynolds,2077603.0397005768,0.604852954417537,0.04761220920434213,True,low
reynolds,2833306.223059475,0.10145192160637606,6.32484254730302e-05,True,low
reynolds,2408223.182420095,0.1973298827865122,0.0017623456765623012,True,low
reynolds,5565310.02143713,0.0996259396842949,0.11391220283950727,True,high
reynolds,5213848.679244856,0.08299256784165077,0.04968642871259782,True,high
reynolds,6032978.794745301,0.16240077485400484,0.15323440942267774,True,high
reynolds,2657801.3853941574,0.2473252794723242,0.05341611432266033,True,low
reynolds,5273210.609631654,0.041721260351999634,0.06553774227066068,True,high
reynolds,2312469.807752693,0.261482838383762,0.020677800578977293,True,low
reynolds,5543049.29754208,0.22384212924266733,0.1255628108997593,True,high
reynolds,5656804.822837653,0.18507634949467633,0.08131269214187287,True,high
reynolds,5641770.768728822,0.17366977317542465,0.08779376828734775,True,high
reynolds,5957744.000363771,0.1384023058291247,0.16356673747392503,True,high
reynolds,5353736.358678094,0.10866995219602216,0.05754297829068408,True,high
reynolds,5172101.756461966,0.04469796359908451,0.050158901213173616,True,high
reynolds,5389418.04074755,0.08976436115357084,0.06923233863343482,True,high
reynolds,2661285.6726125125,0.10790910368881601,0.04725492509147737,True,low
reynolds,2690514.9709442733,0.1261388975522586,0.06279131358884803,True,low
reynolds,2968612.7100389497,0.15905914995247272,0.04592527984934997,True,low
reynolds,5221720.587404844,0.19892244248423252,0.034018069971597606,True,high
reynolds,2678384.4895174056,0.15952862257949574,0.041787884562079755,True,low
reynolds,5960518.52537098,0.2869274046155601,0.14979412090533453,True,high
reynolds,2725293.319290452,0.2572642434978041,0.030423265249982755,True,low
reynolds,2503653.937900611,0.023781467994439587,0.03273733177421097,True,low
reynolds,2250462.4000334395,0.07689241900749044,0.0014932816444369092,True,low
reynolds,5456909.974643846,0.06528263769027931,0.12365208304605356,True,high
reynolds,2429645.0964292437,0.1409048078359807,0.013838803104013794,True,low
reynolds,6038914.987783981,0.24787066988703232,0.1673249142716499,True,high
reynolds,2122963.2973765763,0.14574073437621426,0.017967005129705622,True,low
reynolds,5105126.013264687,0.07592981513550223,0.04034274243373459,True,high
reynolds,2764652.8600903945,0.059438893221045896,0.07780631197919222,True,low
reynolds,5920836.365384153,0.26867447548719425,0.16201500747382347,True,high
reynolds,2667609.0086754547,0.5891954443279676,0.03642122457594683,True,low
reynolds,5538726.200437825,0.18369107618503944,0.05601045448776863,True,high
reynolds,2601343.0276893214,0.12526260757912694,0.019735312401316034,True,low
reynolds,5619574.56867115,0.09664277909028707,0.12217714959474894,True,high
reynolds,2654123.526663671,0.05384663346543883,0.05341367917872146,True,low
reynolds,2224717.3889200343,0.046455331908733966,0.06694956304883622,True,low
reynolds,5090737.197529626,0.05146454922821278,0.02890661986813882,True,high
reynolds,5279017.754995581,0.1322904847506149,0.08898335361570306,True,high
reynolds,5555373.350481079,0.17550845889133382,0.06773595850197535,True,high
reynolds,5345283.735981713,0.10656406270083907,0.07719371398850879,True,high
reynolds,2454035.1069577327,0.18368911809996158,0.03738678159120555,True,low
reynolds,5552276.206286985,0.1433931340588499,0.07505353273679805,True,high
reynolds,5544662.393476505,0.019597486468849956,0.10604514331345882,True,high
reynolds,2971838.9019077974,0.013748085187753889,0.02027948188026585,True,low
reynolds,2712517.599489815,0.114361058557234,0.013738169895358964,True,low
reynolds,2287047.415826173,0.456444276760978,0.08842629141312547,True,low
reynolds,2096637.5717267785,0.10124801474245959,0.006963742460734125,True,low
reynolds,5407420.191375721,0.3622041565929197,0.04253418340230043,True,high
reynolds,2327826.4810484084,0.2518182887949286,0.047140243716461194,True,low
reynolds,5689066.741526131,0.22526340141315163,0.028049228237481138,True,high
reynolds,2149934.2614001436,0.003924152884744236,0.03520730347801908,True,low
reynolds,5773528.444652564,0.14160589923716982,0.1394505092504862,True,high
reynolds,5576988.836002359,0.15842414173790664,0.11766240202316018,True,high
reynolds,5614606.233193125,0.3936387630950402,0.11418503383641393,True,high
reynolds,2537916.0955477743,0.06903838038670551,0.10668311261954606,True,low
reynolds,5381029.941888547,0.12202168981803435,0.05416019226391292,True,high
reynolds,2256592.16458425,0.13277406637720818,0.08435763687367578,True,low
reynolds,2106187.0996585684,0.37407963443291736,0.06508624641673907,True,low
reynolds,2358539.827639839,0.2620324510160411,0.052472991383157024,True,low
reynolds,5691970.314208093,0.18052582341849222,0.0773134273591782,True,high
reynolds,5723393.42301067,0.13473944566947127,0.1277047466338754,True,high
reynolds,5054345.753249023,0.027655197147602673,0.03771723820355583,True,high
reynolds,2811626.213700818,0.07152523025793811,0.014777375654740962,True,low
reynolds,2450744.391251508,0.021338471408488546,0.006414324584745272,True,low
reynolds,5611831.708185915,0.10388547822689187,0.010395869698698407,True,high
reynolds,5929159.94040578,0.5524803746811636,0.16592182003813616,True,high
reynolds,2496814.4111386538,0.0965741085062084,0.03248478659951701,True,low
reynolds,5391224.708194106,0.0843721755863158,0.08853231171179587,True,high
reynolds,2034694.6878449016,0.35566580328763175,0.06061695150538696,True,low
reynolds,2284079.319306833,0.18307332907485746,0.0006503410390384622,True,low
reynolds,2889054.818553164,0.38423992185839784,0.08924428763406188,True,low
reynolds,2700516.1657377016,0.06382437046912948,0.04051053877810169,True,low
reynolds,5491946.418339532,0.05037389396080158,0.04707765769231297,True,high
reynolds,5358898.265668251,0.16047294008055113,0.04362656405528394,True,high
reynolds,5168359.373894102,0.11684892400108016,0.0698552684970731,True,high
reynolds,6004201.1632751785,0.3206175578536522,0.13308034062386168,True,high
reynolds,5335476.112700416,0.21371140265980948,0.008921145440020525,True,high
reynolds,5357285.169733827,0.1282582215962154,0.08902392633667168,True,high
reynolds,2385252.6963138985,0.15927915596433698,0.034544196501223395,True,low
reynolds,2439259.1481984104,0.24218156298799937,0.08574922542464797,True,low
reynolds,2467197.969782632,0.12838762928162062,0.04870868904758449,True,low
reynolds,5606798.848870512,0.27574375649799476,0.07334264639357772,True,high
reynolds,2943512.937299314,0.45658562194885854,0.040359619145653086,True,low
reynolds,2861890.283017466,0.05256617667089203,0.024662137400445892,True,low
reynolds,5990393.062076511,0.26441181115914236,0.1246674406523188,True,high
reynolds,5422905.912346191,0.10011387885873818,0.09003632092029938,True,high
reynolds,5622607.189027866,0.07389354378892499,0.11751861752363031,True,high
reynolds,5865539.436752102,0.11239952076132931,0.10923704241610109,True,high
reynolds,5828825.373284615,0.2627063334398043,0.1120922522897946,True,high
reynolds,5581634.5522935,0.1506296360213617,0.07836049471729341,True,high
reynolds,2138126.3991601607,0.17794249550273125,0.027050869376465343,True,low
reynolds,2052632.3146356954,0.38535478157318026,0.03486158341695694,True,low
reynolds,2564241.821197572,0.12160219235350223,0.015036182552276036,True,low
reynolds,5533048.102748652,0.20742281663503603,0.0634706647307367,True,high
reynolds,5177844.3779885145,0.09284298246273465,0.07402783987258836,True,high
reynolds,5597442.892450854,0.28768177763105784,0.009581170277427543,True,high
reynolds,2403577.4661289537,0.20148499318726565,0.02154005956429236,True,low
reynolds,2818207.6451132675,0.11667830405284324,0.009549415213954509,True,low
reynolds,5844182.04658033,0.16879196872324465,0.1659177606022524,True,high
reynolds,5813726.795338407,0.2082278845486092,0.008140193589281823,True,high
reynolds,2624571.6091450253,0.19371722368846242,0.023756078746938164,True,low
reynolds,5325603.965581742,0.10667499595709784,0.06920883564737412,True,high
reynolds,2399706.035886337,0.3279014041491869,0.02338866008805493,True,low
reynolds,5570084.785403024,0.15737736046106998,0.08159491345120952,True,high
reynolds,5129774.119142683,0.38361152145315847,0.00596483182285832,True,high
reynolds,2150579.499773913,0.14458634539555582,0.06076666962167952,True,low
reynolds,5697906.507246773,0.07580912466158342,0.07520013309831615,True,high
reynolds,2517655.6106114103,0.13724339013047443,0.07510886545436536,True,low
reynolds,6014460.453418114,0.29105325760767653,0.16947729465601014,True,high
reynolds,5833922.756437395,0.21125564097060234,0.1484716726531108,True,high
reynolds,2764975.479277279,0.15245499063017243,0.024341389843154006,True,low
reynolds,2903250.062776094,0.06012517508865256,0.04371182415973787,True,low
reynolds,5043441.224732318,0.012621088780521816,0.0759324801234446,True,high
reynolds,2536432.0472881044,0.3412435712726736,0.007946073934863112,True,low
reynolds,2289950.988508136,0.126273540963314,0.05358475289608808,True,low
reynolds,2073602.5617832057,0.045987984679455085,0.013321313138475295,True,low
reynolds,2820014.312559822,0.007068223515059868,0.05908952634839219,True,low
reynolds,5632350.288471786,0.5040217304967715,0.10154348512061548,True,high
reynolds,2499072.7454468478,0.022294266672647334,0.024246446789366622,True,low
reynolds,5039634.318327078,0.6272813364603548,0.01807814829329449,True,high
reynolds,2605859.6963057085,0.14638511539024113,0.0863201684081416,True,low
reynolds,2245816.6837422987,0.24346914308005352,0.08148815145411747,True,low
reynolds,2469198.2087413175,0.18174458924219095,0.01984466113883607,True,low
reynolds,2092637.0938094074,0.29962315148019725,0.08679519587468328,True,low
reynolds,2122318.059002807,0.052238900868522564,0.09071067443221119,True,low
reynolds,5991038.300450279,0.3020667452988333,0.1654059542586673,True,high
reynolds,5805596.791828911,0.05268069623210747,0.06696496849377641,True,high
reynolds,5268048.702641498,0.019048349002069864,0.05966619008401142,True,high
reynolds,5037246.93634413,0.032445817579292574,0.024135918383820155,True,high
reynolds,2332859.3403638112,0.03145085620942423,0.003275450929657097,True,low
reynolds,2529592.5205261474,0.02280131521930051,0.0014375747104136971,True,low
reynolds,5982779.249266029,0.3119803653352534,0.0024936003040072867,True,high
reynolds,5559760.971422712,0.08061207787880043,0.10118286563698266,True,high
reynolds,2648316.3812997444,0.04146202372677966,0.03078419351151271,True,low
reynolds,5764430.583582413,0.11073204157295913,0.0980856709437711,True,high
reynolds,5235335.117091382,0.11152149984166759,0.020178806424068087,True,high
reynolds,2788720.251431999,0.23039408301253372,0.022678600420498025,True,low
reynolds,5321538.963826994,0.03346202397127973,0.028519066488603396,True,high
reynolds,5763527.2498591365,0.27566805669342687,0.1441598800842497,True,high
reynolds,2731939.2745402786,0.20163942077185038,0.025870697947120776,True,low
reynolds,5201331.054793727,0.5166976718614936,0.0918380450613672,True,high
reynolds,5768302.013825031,0.17422977237889736,0.1444074129412805,True,high
reynolds,2918929.3552586944,0.07494273109068289,0.039499296863833605,True,low
reynolds,5784562.020844024,0.2709478429881187,0.15825213689749607,True,high
reynolds,2992938.1967300614,0.0506605250502381,0.002485614481082612,True,low
reynolds,5613509.327957715,0.20237569499251895,0.13270343810941804,True,high
reynolds,5428842.10538487,0.22663934566269717,0.09078168179788851,True,high
reynolds,5248949.6467779195,0.0550872541414511,0.0655674681046735,True,high
reynolds,5776367.49349715,0.05747565899543572,0.12077497783692756,True,high
reynolds,2545465.3845208785,0.2541987243162227,0.017365803098283967,True,low
reynolds,5905995.882787453,0.31083553318327306,0.1138521732190295,True,high
reynolds,5133000.311011531,0.09564818349826282,0.028209827260266926,True,high
reynolds,5552985.968498132,0.1542477715929067,0.0744014851165151,True,high
reynolds,2774976.6740707075,0.048904154789130794,0.015650007963195073,True,low
reynolds,2548498.004877595,0.17504828354665297,0.0572840769018674,True,low
reynolds,5233851.068831712,0.08849367655540942,0.06649013581390428,True,high
reynolds,5065185.757928352,0.30424666883134566,0.01670676120921258,True,high
reynolds,2055923.03034192,0.21752026984690795,0.04547152050566881,True,low
reynolds,2963644.374560924,0.15742698512754497,0.010542702966721267,True,low
reynolds,5819856.559889218,0.16356954781444755,0.15072499206683848,True,high
reynolds,2977968.666458608,0.12634959954948255,0.042163126445613056,True,low
reynolds,5809468.222071528,0.1055894543000695,0.11020173688978897,True,high
reynolds,5669064.351939274,0.10786291141015325,0.1478326895810421,True,high
reynolds,5910512.55140384,0.3189659388305506,0.11257573735461308,True,high
reynolds,5621445.759955081,0.19001688578514142,0.06431052699194773,True,high
reynolds,2291047.8937435444,0.196343293409871,0.017842986764962966,True,low
reynolds,2406158.419624032,0.9165068924180977,0.016382574698503946,True,low
reynolds,5261983.461928065,0.04545953591693981,0.022396448992646843,True,high
reynolds,2924930.0721347514,0.053377837150727636,0.03587139664836014,True,low
reynolds,2286724.7966392883,0.10506289352370124,0.019542652053393297,True,low
reynolds,2779106.1996628325,0.11044305398485466,0.00031040773077790906,True,low
reynolds,5379997.560490515,0.6352481050599283,0.007354327019803887,True,high
reynolds,2638315.186506317,0.14923853322787736,0.042299072390668116,True,low
reynolds,2107348.528731353,0.1097530495895564,0.11636799057831451,True,low
reynolds,5803725.60054498,0.26020230320757687,0.0806392640718265,True,high
reynolds,2805819.068336892,0.4889848531393943,0.008980184697861241,True,low
reynolds,2853695.7556705927,0.025237177501132968,0.00033376768860971483,True,low
reynolds,5304504.670759478,0.1877944273948695,0.012165980520569733,True,high
reynolds,2130060.919488041,0.20775672244007393,0.04780106680291722,True,low
reynolds,5208041.53388093,0.031127268613783787,0.06806219039971653,True,high
reynolds,2291628.608279937,0.0771085390917651,0.11581297086263677,True,low
reynolds,2907379.5883682193,0.12798304219414203,0.03141568533271805,True,low
reynolds,2709162.359946213,0.050651070441965484,0.03470122912175025,True,low
reynolds,2615731.8434243826,0.040380287944228085,0.03357361927460596,True,low
reynolds,2675158.297648558,0.02176045515639724,0.013048423509222595,True,low
reynolds,5597120.273263969,0.287723165206981,0.11744642952647685,True,high
reynolds,2880215.052832521,0.05836311382137642,0.008374728698748647,True,low
reynolds,5613896.470981977,0.06205795049055807,0.1304167216331699,True,high
reynolds,5336637.541773201,0.09273383185381057,0.05418114177426157,True,high
reynolds,5681904.5955772875,0.21518673728959803,0.07869288662674932,True,high
reynolds,5213590.583895348,0.11435031921942262,0.07825016653227124,True,high
reynolds,2517074.8960750178,0.19837130347481546,0.03155900391608662,True,low
reynolds,2192778.089418442,0.5850791276182954,0.03080925930366084,True,low
reynolds,5734620.57071426,0.15124162259859175,0.15793290899361187,True,high
